stock_code,bbg_ticker,stock_name,formerly,hkd_and_rmb,currencies,2021,2022,2023,2024,2025,2026,total,latest_date,latest_title,latest_link
00135,135 HK,KUNLUN ENERGY,,Yes,HKD RMB,0,1,1,2,2,1,7,11/06/2026,DIVIDEND CURRENCY ELECTION FORM FOR THE FINAL DIVIDEND FOR THE YEAR ENDED 31 DECEMBER 2025,https://www1.hkexnews.hk/listedco/listconews/sehk/2026/0611/2026061100374.pdf
00267,267 HK,CITIC,,Yes,HKD RMB,0,2,2,2,2,1,9,13/07/2026,Dividend Currency Election Form for the Final Dividend for the year ended 31 December 2025,https://www1.hkexnews.hk/listedco/listconews/sehk/2026/0713/2026071300029.pdf
00270,270 HK,GUANGDONG INV,,Yes,HKD RMB,0,0,0,0,0,1,1,21/09/2026,Dividend Currency Election Form for the interim dividend for the six months ended 30 June 2026,https://www1.hkexnews.hk/listedco/listconews/sehk/2026/0921/2026092100673.pdf
00291,291 HK,CHINA RES BEER,,Yes,HKD RMB,0,2,2,2,2,2,10,08/09/2026,Dividend Currency Election Form for the interim dividend for the six months ended 30 June 2026,https://www1.hkexnews.hk/listedco/listconews/sehk/2026/0908/2026090800490.pdf
00316,316 HK,OOIL,,Yes,HKD RMB USD,0,0,2,2,2,2,8,17/09/2026,Dividend Election Form - Interim dividend for the six months ended 30th June 2026,https://www1.hkexnews.hk/listedco/listconews/sehk/2026/0917/2026091700939.pdf
00371,371 HK,BJ ENT WATER,,Yes,HKD RMB,0,0,0,2,2,2,6,16/09/2026,DIVIDEND CURRENCY ELECTION FORM WITH RESPECT TO THE PAYMENT OF THE INTERIM DIVIDEND FOR THE SIX MONTHS ENDED 30 JUNE 2026,https://www1.hkexnews.hk/listedco/listconews/sehk/2026/0916/2026091600344.pdf
00392,392 HK,BEIJING ENT,,Yes,HKD RMB,0,0,0,2,2,2,6,22/09/2026,DIVIDEND CURRENCY ELECTION FORM FOR THE INTERIM DIVIDEND FOR THE SIX MONTHS ENDED 30 JUNE 2026,https://www1.hkexnews.hk/listedco/listconews/sehk/2026/0922/2026092200318.pdf
00588,588 HK,BEIJING N STAR,,Yes,HKD RMB,0,0,0,1,0,0,1,06/06/2024,DIVIDEND CURRENCY ELECTION FORM FOR THE FINAL DIVIDEND FOR THE YEAR ENDED 31 DECEMBER 2023,https://www1.hkexnews.hk/listedco/listconews/sehk/2024/0606/2024060600599.pdf
00737,737 HK,BAY AREA DEV,,Yes,HKD RMB,0,2,2,2,2,1,9,31/07/2026,DIVIDEND ELECTION FORM,https://www1.hkexnews.hk/listedco/listconews/sehk/2026/0731/2026073100806.pdf
00836,836 HK,CHINA RES POWER,,Yes,HKD RMB,0,2,3,2,2,2,11,24/09/2026,Dividend Currency Election Form for the interim dividend for the six months ended 30 June 2026,https://www1.hkexnews.hk/listedco/listconews/sehk/2026/0924/2026092400718.pdf
00939,939 HK,CCB,,Yes,HKD RMB,0,0,0,0,1,1,2,13/07/2026,Dividend Currency Election Form for 2025 Final Dividend,https://www1.hkexnews.hk/listedco/listconews/sehk/2026/0713/2026071300616.pdf
00941,941 HK,CHINA MOBILE,,Yes,HKD RMB,0,0,0,0,0,1,1,03/09/2026,Dividend Currency Election Form,https://www1.hkexnews.hk/listedco/listconews/sehk/2026/0903/2026090300640.pdf
00998,998 HK,CITIC BANK,,Yes,HKD RMB,0,0,0,0,2,1,3,28/05/2026,DIVIDEND CURRENCY ELECTION FORM FOR 2025 FINAL DIVIDEND OF RMB0.193 PER SHARE,https://www1.hkexnews.hk/listedco/listconews/sehk/2026/0528/2026052800757.pdf
01109,1109 HK,CHINA RES LAND,,Yes,HKD RMB,0,2,2,2,2,2,10,21/09/2026,DIVIDEND CURRENCY ELECTION FORM FOR THE INTERIM DIVIDEND FOR THE SIX MONTHS ENDED 30 JUNE 2026,https://www1.hkexnews.hk/listedco/listconews/sehk/2026/0921/2026092100536.pdf
01193,1193 HK,CHINA RES GAS,,Yes,HKD RMB,0,2,2,2,2,2,10,16/09/2026,DIVIDEND CURRENCY ELECTION FORM FOR THE INTERIM DIVIDEND FOR THE SIX MONTHS ENDED 30 JUNE 2026,https://www1.hkexnews.hk/listedco/listconews/sehk/2026/0916/2026091600626.pdf
01209,1209 HK,CHINA RES MIXC,,Yes,HKD RMB,0,2,3,3,3,2,13,21/09/2026,DIVIDEND CURRENCY ELECTION FORM FOR THE INTERIM DIVIDEND FOR THE YEAR ENDING 31 DECEMBER 2026 AND SPECIAL INTERIM DIVIDEND,https://www1.hkexnews.hk/listedco/listconews/sehk/2026/0921/2026092100474.pdf
01211,1211 HK,BYD COMPANY,,Yes,HKD RMB,0,0,0,0,0,1,1,22/06/2026,Dividend Currency Election Form for 2025 Final Dividend,https://www1.hkexnews.hk/listedco/listconews/sehk/2026/0622/2026062200870.pdf
01288,1288 HK,ABC,,Yes,HKD RMB,0,0,0,0,2,1,3,13/05/2026,DIVIDEND CURRENCY ELECTION FORM FOR 2025 FINAL DIVIDEND,https://www1.hkexnews.hk/listedco/listconews/sehk/2026/0513/2026051300019.pdf
01313,1313 HK,CR BLDG MAT TEC,CHINARES CEMENT,Yes,HKD RMB,0,2,2,2,2,2,10,23/09/2026,DIVIDEND CURRENCY ELECTION FORM FOR THE INTERIM DIVIDEND FOR THE YEAR ENDING 31 DECEMBER 2026,https://www1.hkexnews.hk/listedco/listconews/sehk/2026/0923/2026092300708.pdf
01398,1398 HK,ICBC,,Yes,HKD RMB,0,0,0,0,2,1,3,13/05/2026,Dividend Currency Election Form for 2025 Final Dividend,https://www1.hkexnews.hk/listedco/listconews/sehk/2026/0513/2026051300025.pdf
01515,1515 HK,CR MEDICAL,,Yes,HKD RMB,0,1,1,2,2,2,8,23/09/2026,"DIVIDEND CURRENCY ELECTION FORM FOR THE INTERIM DIVIDEND FOR THE SIX MONTHS ENDED JUNE 30, 2026",https://www1.hkexnews.hk/listedco/listconews/sehk/2026/0923/2026092300554.pdf
01658,1658 HK,PSBC,,Yes,HKD RMB,0,0,0,0,0,2,2,14/07/2026,DIVIDEND CURRENCY ELECTION FORM FOR 2025 FINAL DIVIDEND,https://www1.hkexnews.hk/listedco/listconews/sehk/2026/0714/2026071400369.pdf
01905,1905 HK,HAITONG UT,,Yes,HKD RMB,0,0,0,1,2,2,5,23/09/2026,Dividend Currency Election Form for 2026 Interim Dividend,https://www1.hkexnews.hk/listedco/listconews/sehk/2026/0923/2026092300270.pdf
01963,1963 HK,BCQ,,Yes,HKD RMB,0,0,0,0,1,1,2,17/07/2026,Dividend Currency Election Form for 2025 Final Dividend,https://www1.hkexnews.hk/listedco/listconews/sehk/2026/0717/2026071700378.pdf
01988,1988 HK,MINSHENG BANK,,Yes,HKD RMB,0,0,0,0,0,2,2,18/09/2026,DIVIDEND CURRENCY ELECTION FORM - 2026 FINAL DIVIDEND,https://www1.hkexnews.hk/listedco/listconews/sehk/2026/0918/2026091800815.pdf
02202,2202 HK,CHINA VANKE,,Yes,HKD RMB,0,0,1,0,0,0,1,25/07/2023,DIVIDEND CURRENCY ELECTION FORM FOR 2022 FINAL DIVIDEND OF RMB0.68 PER ORDINARY SHARE,https://www1.hkexnews.hk/listedco/listconews/sehk/2023/0725/2023072500888.pdf
02318,2318 HK,PING AN,,Yes,HKD RMB,0,0,1,2,2,2,7,10/09/2026,Dividend Currency Election Form for 2026 Interim Dividend,https://www1.hkexnews.hk/listedco/listconews/sehk/2026/0910/2026091000017.pdf
02460,2460 HK,CR BEVERAGE,,Yes,HKD RMB,0,0,0,0,2,2,4,18/09/2026,DIVIDEND CURRENCY ELECTION FORM FOR THE INTERIM DIVIDEND FOR THE SIX MONTHS ENDED 30 JUNE 2026,https://www1.hkexnews.hk/listedco/listconews/sehk/2026/0918/2026091800291.pdf
02611,2611 HK,GTHT,,Yes,HKD RMB,0,0,0,0,2,2,4,09/09/2026,"DIVIDEND CURRENCY ELECTION FORM FOR 2026 INTERIM DIVIDEND OF RMB 3.0 PER 10 SHARES (""2026 INTERIM DIVIDEND"")",https://www1.hkexnews.hk/listedco/listconews/sehk/2026/0909/2026090900429.pdf
02688,2688 HK,ENN ENERGY,,Yes,HKD RMB,0,0,0,1,0,0,1,17/06/2024,Dividend Currency Election Form For The Final Dividend For The Year Ended 31 December 2023,https://www1.hkexnews.hk/listedco/listconews/sehk/2024/0617/2024061700415.pdf
03320,3320 HK,CHINARES PHARMA,,Yes,HKD RMB,0,1,1,2,2,2,8,24/09/2026,DIVIDEND CURRENCY ELECTION FORM FOR THE INTERIM DIVIDEND FOR THE SIX MONTHS ENDED 30 JUNE 2026,https://www1.hkexnews.hk/listedco/listconews/sehk/2026/0924/2026092400063.pdf
03328,3328 HK,BANKCOMM,,Yes,HKD RMB,0,0,0,0,1,1,2,13/07/2026,DIVIDEND CURRENCY ELECTION FORM FOR 2025 FINAL DIVIDEND,https://www1.hkexnews.hk/listedco/listconews/sehk/2026/0713/2026071300278.pdf
03618,3618 HK,CQRC BANK,,Yes,HKD RMB,0,0,0,0,0,1,1,17/06/2026,DIVIDEND CURRENCY ELECTION FORM FOR 2025 FINAL DIVIDEND,https://www1.hkexnews.hk/listedco/listconews/sehk/2026/0617/2026061701154.pdf
03686,3686 HK,CLIFFORDML,,Yes,HKD RMB,0,0,0,2,0,0,2,11/07/2024,DIVIDEND CURRENCY ELECTION FORM FOR THE FINAL DIVIDEND,https://www1.hkexnews.hk/listedco/listconews/sehk/2024/0711/2024071100845.pdf
03808,3808 HK,SINOTRUK,,Yes,HKD RMB,0,1,1,2,2,1,7,18/05/2026,2025 RMB Final Dividend Election Form,https://www1.hkexnews.hk/listedco/listconews/sehk/2026/0518/2026051800536.pdf
03877,3877 HK,CSSC SHIPPING,,Yes,HKD RMB,0,0,0,0,1,2,3,09/07/2026,DIVIDEND CURRENCY ELECTION FORM FOR THE FINAL DIVIDEND FOR THE YEAR ENDED 31 DECEMBER 2025,https://www1.hkexnews.hk/listedco/listconews/sehk/2026/0709/2026070900296.pdf
03968,3968 HK,CM BANK,,Yes,HKD RMB,0,0,0,0,0,1,1,14/07/2026,DIVIDEND CURRENCY ELECTION FORM FOR 2025 FINAL DIVIDEND,https://www1.hkexnews.hk/listedco/listconews/sehk/2026/0714/2026071400164.pdf
03988,3988 HK,BANK OF CHINA,,Yes,HKD RMB,0,0,0,0,1,1,2,15/07/2026,Dividend Currency Election Form for 2025 Final Dividend,https://www1.hkexnews.hk/listedco/listconews/sehk/2026/0715/2026071500021.pdf
06030,6030 HK,CITIC SEC,,Yes,HKD RMB,0,0,0,0,0,2,2,29/05/2026,DIVIDEND CURRENCY ELECTION FORM FOR THE 2025 FINAL DIVIDEND,https://www1.hkexnews.hk/listedco/listconews/sehk/2026/0529/2026052900652.pdf
06069,6069 HK,SY HOLDINGS,,Yes,HKD RMB,0,0,0,0,2,1,3,24/07/2026,DIVIDEND CURRENCY ELECTION FORM FOR THE FINAL DIVIDEND FOR THE YEAR ENDED 31 DECEMBER 2025,https://www1.hkexnews.hk/listedco/listconews/sehk/2026/0724/2026072400380.pdf
06178,6178 HK,EB SECURITIES,,Yes,HKD RMB,0,0,0,0,0,1,1,23/07/2026,DIVIDEND CURRENCY ELECTION FORM FOR 2025 FINAL DIVIDEND OF RMB0.174 PER SHARE (''2025 FINAL DIVIDEND''),https://www1.hkexnews.hk/listedco/listconews/sehk/2026/0723/2026072300227.pdf
06199,6199 HK,BANK OF GUIZHOU,,Yes,HKD RMB,0,0,0,0,0,1,1,24/07/2026,DIVIDEND CURRENCY ELECTION FORM FOR 2025 FINAL CASH DIVIDEND,https://www1.hkexnews.hk/listedco/listconews/sehk/2026/0724/2026072400738.pdf
06808,6808 HK,SUNART RETAIL,,Yes,HKD RMB USD,0,0,0,0,2,1,3,10/06/2026,DIVIDEND CURRENCY ELECTION FORM FOR THE SECOND INTERIM DIVIDEND FOR THE YEAR ENDED 31 MARCH 2026,https://www1.hkexnews.hk/listedco/listconews/sehk/2026/0610/2026061000445.pdf
06818,6818 HK,CEB BANK,,Yes,HKD RMB,0,0,0,0,1,2,3,13/07/2026,DIVIDEND CURRENCY ELECTION FORM FOR 2025 FINAL DIVIDEND,https://www1.hkexnews.hk/listedco/listconews/sehk/2026/0713/2026071300230.pdf
06886,6886 HK,HTSC,,Yes,HKD RMB,0,0,0,0,2,2,4,17/09/2026,"DIVIDEND CURRENCY ELECTION FORM FOR 2026 INTERIM DIVIDEND OF RMB 0.18 PER SHARE (""2026 INTERIM DIVIDEND"")",https://www1.hkexnews.hk/listedco/listconews/sehk/2026/0917/2026091700651.pdf
00005,5 HK,HSBC HOLDINGS,,No,HKD USD GBP,0,0,1,4,4,3,12,04/08/2026,Dividend Currency Election Form,https://www1.hkexnews.hk/listedco/listconews/sehk/2026/0804/2026080400333.pdf
00133,133 HK,CHINA MERCHANTS,,No,HKD USD,0,1,1,2,2,1,7,04/06/2026,Dividend Election Form,https://www1.hkexnews.hk/listedco/listconews/sehk/2026/0604/2026060401201.pdf
01245,1245 HK,NIRAKU,,No,HKD JPY,0,2,2,2,2,1,9,12/06/2026,CURRENCY ELECTION FORM,https://www1.hkexnews.hk/listedco/listconews/sehk/2026/0612/2026061200752.pdf
01663,1663 HK,S HARBOURHOLD,,No,HKD SGD,0,1,0,0,0,0,1,14/10/2022,Dividend Currency Election Form for the Final Dividend and Special Dividend for the year ended 31 March 2022,https://www1.hkexnews.hk/listedco/listconews/sehk/2022/1014/2022101400359.pdf
01747,1747 HK,HOME CONTROL,,No,HKD USD,0,0,0,0,1,0,1,15/07/2025,DIVIDEND CURRENCY ELECTION FORM FOR THE FINAL DIVIDEND FOR THE YEAR ENDED 31 DECEMBER 2024,https://www1.hkexnews.hk/listedco/listconews/sehk/2025/0715/2025071500370.pdf
02378,2378 HK,PRU,,No,HKD USD,0,2,2,1,0,0,5,09/04/2024,Dividend Currency Election Form - 2023 Second Interim Dividend,https://www1.hkexnews.hk/listedco/listconews/sehk/2024/0409/2024040900366.pdf
02510,2510 HK,TS LINES,,No,HKD USD,0,0,0,0,1,2,3,17/09/2026,"DIVIDEND ELECTION FORM - INTERIM DIVIDEND FOR THE SIX MONTHS ENDED JUNE 30, 2026",https://www1.hkexnews.hk/listedco/listconews/sehk/2026/0917/2026091700765.pdf
02888,2888 HK,STANCHART,,No,HKD USD GBP,0,2,2,2,2,2,10,18/08/2026,Currency Election Form,https://www1.hkexnews.hk/listedco/listconews/sehk/2026/0818/2026081800782.pdf
06655,6655 HK,HX BLDG MAT,HUAXIN CEMENT,No,HKD USD,0,1,1,1,2,1,6,29/05/2026,DIVIDEND CURRENCY ELECTION FORM FOR THE FINAL DIVIDEND FOR THE YEAR ENDED 31 DECEMBER 2025,https://www1.hkexnews.hk/listedco/listconews/sehk/2026/0529/2026052902192.pdf
06889,6889 HK,DYNAM JAPAN,,No,HKD JPY,1,2,2,2,2,1,10,05/06/2026,HOW TO ELECT OR CHANGE THE CURRENCY FOR RECEIVING FINAL DIVIDEND,https://www1.hkexnews.hk/listedco/listconews/sehk/2026/0605/2026060500401.pdf
