code,company,field,value,review_status,source,page,basis,financial_year,currency,native_unit,previous
2125,STRAWBEAR ENT,rev_latest,841.6067,Reviewed primary filing,https://www1.hkexnews.hk/listedco/listconews/sehk/2020/1231/2020123100263.pdf,19,Revenue,2019,RMB,thousands,836.3
2160,CARDIOFLOW-B,ni_latest,-158.9742,Reviewed primary filing,https://www1.hkexnews.hk/listedco/listconews/sehk/2021/0126/9597262/2021012600193.pdf,9,Consolidated net income,2019,RMB,thousands,-91.8
2160,CARDIOFLOW-B,ps_ipo,1180.7,Recalculated; input source confidence retained,derived:mktcap / latest FY revenue,,derived:mktcap / latest FY revenue,,,,523.9
2160,CARDIOFLOW-B,rev_latest,23.6522,Reviewed primary filing,https://www1.hkexnews.hk/listedco/listconews/sehk/2021/0126/9597262/2021012600193.pdf,9,Revenue,2019,RMB,thousands,53.3
1473,PANGAEA CONNECT,ni_latest,33.448,Reviewed primary filing,https://www1.hkexnews.hk/listedco/listconews/sehk/2021/0129/2021012901777.pdf,320,Consolidated net income,2020,HK$,thousands,34.9
1473,PANGAEA CONNECT,pe_ipo,15.0,Recalculated; input source confidence retained,derived:mktcap / latest FY NI,,derived:mktcap / latest FY NI,,,,14.4
6127,JOINN,pe_ipo,198.1,Recalculated; input source confidence retained,derived:mktcap / latest FY NI,,derived:mktcap / latest FY NI,,,,87.5
2187,ZHIXIN GP HLDG,cornerstone_pct,26.1,Retained source; not independently re-confirmed,cross-check repair: the AAStocks institutional total,,,,,,30.3
2187,ZHIXIN GP HLDG,deal_size_hkdm,280.5,Recalculated; input source confidence retained,derived:gross (price x shares),,derived:gross (price x shares),,,,241.4
2187,ZHIXIN GP HLDG,eff_free_float_hkdm,207.29,Recalculated; input source confidence retained,derived: deal size x (1 - cornerstone%),,derived: deal size x (1 - cornerstone%),,,,168.26
2187,ZHIXIN GP HLDG,eff_free_float_pct,18.48,Recalculated; input source confidence retained,derived: deal size x (1 - cornerstone%) / mktcap,,derived: deal size x (1 - cornerstone%) / mktcap,,,,15.0
6939,MEGAIN,rev_latest,173.3875,Reviewed primary filing,https://www1.hkexnews.hk/listedco/listconews/sehk/2021/0318/2021031800013.pdf,39,Revenue,2019,RMB,thousands,173.8
6608,BAIRONG-W,ni_latest,-121.6105,Reviewed primary filing,https://www1.hkexnews.hk/listedco/listconews/sehk/2021/0319/2021031900021.pdf,477,Net income attributable to owners,2020,RMB,thousands,-103.6
6608,BAIRONG-W,ps_ipo,12.6,Recalculated; input source confidence retained,derived:mktcap / latest FY revenue,,derived:mktcap / latest FY revenue,,,,35.2
6608,BAIRONG-W,rev_latest,1250.1852,Reviewed primary filing,https://www1.hkexnews.hk/listedco/listconews/sehk/2021/0319/2021031900021.pdf,35,Revenue,2020,RMB,thousands,447.0
9959,LINKLOGIS–W,ni_latest,-788.7616,Reviewed primary filing,https://www1.hkexnews.hk/listedco/listconews/sehk/2021/0326/2021032600037.pdf,26,Net income attributable to owners,2020,RMB,thousands,-787.0
2618,JD LOGISTICS,ni_latest,-4547.3945,Reviewed primary filing,https://www1.hkexnews.hk/listedco/listconews/sehk/2021/0517/2021051700091.pdf,15,Net income attributable to owners,2020,RMB,thousands,-4441.0
9982,CENTRALCHINA MT,oversub_intl_mult,1.72,Reviewed primary filing,https://www1.hkexnews.hk/listedco/listconews/sehk/2021/0528/9780356/2021052800050.pdf,12,tranche demand sentence,,,times,0.72
9858,YOURAN DAIRY,ni_latest,1474.8085,Reviewed primary filing,https://www1.hkexnews.hk/listedco/listconews/sehk/2021/0607/2021060700019.pdf,22,Net income attributable to owners,2020,RMB,thousands,1694.7
9858,YOURAN DAIRY,pe_ipo,21.4,Recalculated; input source confidence retained,derived:mktcap / latest FY NI,,derived:mktcap / latest FY NI,,,,18.7
2150,NAYUKI,ni_latest,-222.0592,Reviewed primary filing,https://www1.hkexnews.hk/listedco/listconews/sehk/2021/0618/2021061800009.pdf,472,Net income attributable to owners,2020,RMB,thousands,-223.6
0606,SCE CM,ni_latest,171.3019,Reviewed primary filing,https://www1.hkexnews.hk/listedco/listconews/sehk/2021/0621/2021062100009.pdf,19,Net income attributable to owners,2020,RMB,thousands,178.8
0606,SCE CM,pe_ipo,43.2,Recalculated; input source confidence retained,derived:mktcap / latest FY NI,,derived:mktcap / latest FY NI,,,,41.4
9868,XPENG-W,oversub_intl_mult,8.54,Reviewed primary filing,https://www1.hkexnews.hk/listedco/listconews/sehk/2021/0706/9839900/2021070600034.pdf,2,tranche demand sentence,,,times,2.36
2165,LING YUE SER GP,ni_latest,71.7376,Reviewed primary filing,https://www1.hkexnews.hk/listedco/listconews/sehk/2021/0629/2021062900045.pdf,426,Net income attributable to owners,2020,RMB,thousands,77.3
2165,LING YUE SER GP,pe_ipo,14.8,Recalculated; input source confidence retained,derived:mktcap / latest FY NI,,derived:mktcap / latest FY NI,,,,13.7
2177,UNQ HOLDINGS,ni_latest,-2.1054,Reviewed primary filing,https://www1.hkexnews.hk/listedco/listconews/sehk/2021/0628/2021062800009.pdf,16,Consolidated net income,2020,RMB,thousands,47.3
6913,SCVE GROUP,rev_latest,494.285,Reviewed primary filing,https://www1.hkexnews.hk/listedco/listconews/sehk/2021/0630/2021063000199.pdf,27,Revenue,2020,RMB,thousands,495.0
6909,BETTERLIFE HLDG,ni_latest,258.4824,Reviewed primary filing,https://www1.hkexnews.hk/listedco/listconews/sehk/2021/0630/2021063000067.pdf,17,Net income attributable to owners,2020,RMB,thousands,337.1
6909,BETTERLIFE HLDG,pe_ipo,10.2,Recalculated; input source confidence retained,derived:mktcap / latest FY NI,,derived:mktcap / latest FY NI,,,,7.8
6616,GLOBAL NEW MAT,ni_latest,162.9892,Reviewed primary filing,https://www1.hkexnews.hk/listedco/listconews/sehk/2021/0630/2021063000059.pdf,480,Net income attributable to owners,2020,RMB,thousands,168.1
6616,GLOBAL NEW MAT,pe_ipo,29.1,Recalculated; input source confidence retained,derived:mktcap / latest FY NI,,derived:mktcap / latest FY NI,,,,28.2
6611,SANXUN GROUP,ni_latest,403.9783,Reviewed primary filing,https://www1.hkexnews.hk/listedco/listconews/sehk/2021/0630/2021063000037.pdf,505,Net income attributable to owners,2020,RMB,thousands,404.5
6669,ACOTEC-B,ni_latest,-48.7212,Reviewed primary filing,https://www1.hkexnews.hk/listedco/listconews/sehk/2021/0812/2021081200017.pdf,329,Consolidated net income,2020,RMB,thousands,-4.1
6669,ACOTEC-B,ps_ipo,31.4,Recalculated; input source confidence retained,derived:mktcap / latest FY revenue,,derived:mktcap / latest FY revenue,,,,309.9
6669,ACOTEC-B,rev_latest,213.3725,Reviewed primary filing,https://www1.hkexnews.hk/listedco/listconews/sehk/2021/0812/2021081200017.pdf,22,Revenue,2020,RMB,thousands,21.6
2216,BRONCUS-B,ps_ipo,371.2,Recalculated; input source confidence retained,derived:mktcap / latest FY revenue,,derived:mktcap / latest FY revenue,,,,2301.2
2216,BRONCUS-B,rev_latest,25.4202,Reviewed primary filing,https://www1.hkexnews.hk/listedco/listconews/sehk/2021/0913/2021091300015.pdf,28,Revenue,2020,US$,thousands,4.1
6628,TRANSCENTA-B,ni_latest,-355.19,Reviewed primary filing,https://www1.hkexnews.hk/listedco/listconews/sehk/2021/0914/2021091400015.pdf,22,Consolidated net income,2020,RMB,thousands,-27.3
6628,TRANSCENTA-B,ps_ipo,70.3,Recalculated; input source confidence retained,derived:mktcap / latest FY revenue,,derived:mktcap / latest FY revenue,,,,835.3
6628,TRANSCENTA-B,rev_latest,89.078,Reviewed primary filing,https://www1.hkexnews.hk/listedco/listconews/sehk/2021/0914/2021091400015.pdf,22,Revenue,2020,RMB,thousands,7.5
2378,PRU,deal_size_hkdm,18806.2,Recalculated; input source confidence retained,derived:gross (price x shares),,derived:gross (price x shares),,,,18500.0
2378,PRU,eff_free_float_hkdm,18806.2,Recalculated; input source confidence retained,derived: deal size x (1 - cornerstone%),,derived: deal size x (1 - cornerstone%),,,,18500.0
2256,ABBISKO-B,ni_latest,-777.3029,Reviewed primary filing,https://www1.hkexnews.hk/listedco/listconews/sehk/2021/0930/2021093000017.pdf,496,Consolidated net income,2020,RMB,thousands,-147.3
2235,MICROTECH MED-B,ni_latest,-133.1099,Reviewed primary filing,https://www1.hkexnews.hk/listedco/listconews/sehk/2021/1006/2021100600007.pdf,22,Net income attributable to owners,2020,RMB,thousands,-4.5
2235,MICROTECH MED-B,ps_ipo,138.7,Recalculated; input source confidence retained,derived:mktcap / latest FY revenue,,derived:mktcap / latest FY revenue,,,,589.0
2235,MICROTECH MED-B,rev_latest,82.8047,Reviewed primary filing,https://www1.hkexnews.hk/listedco/listconews/sehk/2021/1006/2021100600007.pdf,22,Revenue,2020,RMB,thousands,19.5
2252,MEDBOT-B,ni_latest,-229.7614,Reviewed primary filing,https://www1.hkexnews.hk/listedco/listconews/sehk/2021/1021/2021102100011.pdf,24,Net income attributable to owners,2020,RMB,thousands,-53.9
2252,MEDBOT-B,rev_latest,0.0,Reviewed primary filing,https://www1.hkexnews.hk/listedco/listconews/sehk/2021/1021/2021102100011.pdf,287,Revenue,2020,RMB,thousands,8.8
2251,AIRDOC-B,ni_latest,-88.0704,Reviewed primary filing,https://www1.hkexnews.hk/listedco/listconews/sehk/2021/1026/9985006/2021102600017.pdf,14,Net income attributable to owners,2020,RMB,thousands,-53.7
2251,AIRDOC-B,ps_ipo,154.4,Recalculated; input source confidence retained,derived:mktcap / latest FY revenue,,derived:mktcap / latest FY revenue,,,,1124.9
2251,AIRDOC-B,rev_latest,52.4392,Reviewed primary filing,https://www1.hkexnews.hk/listedco/listconews/sehk/2021/1026/9985006/2021102600017.pdf,14,Revenue,2020,RMB,thousands,7.2
2197,CLOVER BIO-B,ni_latest,-1004.1878,Reviewed primary filing,https://www1.hkexnews.hk/listedco/listconews/sehk/2021/1025/2021102500007.pdf,436,Net income attributable to owners,2020,RMB,thousands,-163.0
1228,CANBRIDGE-B,ni_latest,-930.6473,Reviewed primary filing,https://www1.hkexnews.hk/listedco/listconews/sehk/2021/1130/2021113000013.pdf,35,Net income attributable to owners,2020,RMB,thousands,-172.4
1228,CANBRIDGE-B,ps_ipo,390.4,Recalculated; input source confidence retained,derived:mktcap / latest FY revenue,,derived:mktcap / latest FY revenue,,,,2460.3
1228,CANBRIDGE-B,rev_latest,13.2352,Reviewed primary filing,https://www1.hkexnews.hk/listedco/listconews/sehk/2021/1130/2021113000013.pdf,35,Revenue,2020,RMB,thousands,2.1
2273,GUSHENGTANG,ni_latest,-281.3239,Reviewed primary filing,https://www1.hkexnews.hk/listedco/listconews/sehk/2021/1130/2021113000025.pdf,16,Net income attributable to owners,2020,RMB,thousands,-280.9
6821,ASYMCHEM,oversub_public_mult,1.61,Reviewed primary filing,https://www1.hkexnews.hk/listedco/listconews/sehk/2021/1209/10045693/2021120900058.pdf,1,tranche demand sentence,,,times,4.5
2279,YONGHE MEDICAL,ni_latest,179.6652,Reviewed primary filing,https://www1.hkexnews.hk/listedco/listconews/sehk/2021/1201/2021120100031.pdf,21,Consolidated net income,2020,RMB,thousands,179.3
2276,CONANT OPTICAL,ps_ipo,1.6,Recalculated; input source confidence retained,derived:mktcap / latest FY revenue,,derived:mktcap / latest FY revenue,,,,140.9
2276,CONANT OPTICAL,rev_latest,1202.4804,Reviewed primary filing,https://www1.hkexnews.hk/listedco/listconews/sehk/2021/1130/2021113000017.pdf,24,Revenue,2020,RMB,thousands,13.5
2185,BIOHEART-B,ni_latest,-358.0753,Reviewed primary filing,https://www1.hkexnews.hk/listedco/listconews/sehk/2021/1213/2021121300025.pdf,25,Net income attributable to owners,2020,RMB,thousands,-15.0
2257,SIRNAOMICS-B,ni_latest,-341.4216,Reviewed primary filing,https://www1.hkexnews.hk/listedco/listconews/sehk/2021/1220/10057150/2021122000019.pdf,22,Net income attributable to owners,2020,US$,thousands,-361.9
2260,VANOV HOLDINGS,oversub_intl_mult,1.31,Reviewed primary filing,https://www1.hkexnews.hk/listedco/listconews/sehk/2022/0110/10084589/2022011000036.pdf,2,tranche demand sentence,,,times,13.66
6680,JLMAG,ni_latest,268.9522,Reviewed primary filing,https://www1.hkexnews.hk/listedco/listconews/sehk/2021/1231/2021123100023.pdf,22,Net income attributable to owners,2020,RMB,thousands,-0.7
6680,JLMAG,oversub_public_mult,2.39,Reviewed primary filing,https://www1.hkexnews.hk/listedco/listconews/sehk/2022/0113/10088793/2022011300012.pdf,1,named-tranche denominator,,,times,15.0
2157,LEPU BIO-B,ni_latest,-640.0339,Reviewed primary filing,https://www1.hkexnews.hk/listedco/listconews/sehk/2022/0210/2022021000013.pdf,27,Net income attributable to owners,2020,RMB,thousands,-674.7
6639,ARRAIL GROUP,ni_latest,-659.362,Reviewed primary filing,https://www1.hkexnews.hk/listedco/listconews/sehk/2022/0309/2022030900091.pdf,18,Net income attributable to owners,2021,RMB,thousands,-657.5
2370,REDCO HEALTHY,ni_latest,35.354,Reviewed primary filing,https://www1.hkexnews.hk/listedco/listconews/sehk/2022/0322/2022032200231.pdf,533,Net income attributable to owners,2021,RMB,thousands,32.8
2370,REDCO HEALTHY,pe_ipo,27.7,Recalculated; input source confidence retained,derived:mktcap / latest FY NI,,derived:mktcap / latest FY NI,,,,29.9
2361,SINOHEALTH HLDG,ni_latest,86.6943,Reviewed primary filing,https://www1.hkexnews.hk/listedco/listconews/sehk/2022/0628/2022062800038.pdf,359,Net income attributable to owners,2021,RMB,thousands,79.2
2361,SINOHEALTH HLDG,pe_ipo,34.4,Recalculated; input source confidence retained,derived:mktcap / latest FY NI,,derived:mktcap / latest FY NI,,,,37.6
9696,TIANQI LITHIUM,ni_latest,4014.12,Reviewed primary filing,https://www1.hkexnews.hk/listedco/listconews/sehk/2022/0630/10322528/2022063000151.pdf,16,Net income attributable to owners,2021,RMB,millions,5258.7
9696,TIANQI LITHIUM,pe_ipo,30.9,Recalculated; input source confidence retained,derived:mktcap / latest FY NI,,derived:mktcap / latest FY NI,,,,23.6
2152,SUXIN SERVICES,ni_latest,61.0115,Reviewed primary filing,https://www1.hkexnews.hk/listedco/listconews/sehk/2022/0811/2022081100025.pdf,346,Net income attributable to owners,2021,RMB,thousands,62.2
2152,SUXIN SERVICES,pe_ipo,15.7,Recalculated; input source confidence retained,derived:mktcap / latest FY NI,,derived:mktcap / latest FY NI,,,,15.4
2602,ONEWO,ni_latest,1834.4062,Reviewed primary filing,https://www1.hkexnews.hk/listedco/listconews/sehk/2022/0919/2022091900009.pdf,31,Net income attributable to owners,2021,RMB,thousands,1885.7
2602,ONEWO,pe_ipo,33.6,Recalculated; input source confidence retained,derived:mktcap / latest FY NI,,derived:mktcap / latest FY NI,,,,32.7
9877,JENSCARE-B,ni_latest,-550.5687,Reviewed primary filing,https://www1.hkexnews.hk/listedco/listconews/sehk/2022/0923/2022092300017.pdf,343,Net income attributable to owners,2021,RMB,thousands,59.7
6696,MANY IDEA CLOUD,ni_latest,61.7606,Reviewed primary filing,https://www1.hkexnews.hk/listedco/listconews/sehk/2022/1028/2022102800015.pdf,17,Net income attributable to owners,2021,RMB,thousands,71.2
6696,MANY IDEA CLOUD,pe_ipo,29.7,Recalculated; input source confidence retained,derived:mktcap / latest FY NI,,derived:mktcap / latest FY NI,,,,25.8
2436,LX TECHNOLOGY,oversub_public_mult,6.16,Reviewed primary filing,https://www1.hkexnews.hk/listedco/listconews/sehk/2022/1123/10515049/2022112300040.pdf,1,named-tranche denominator,,,times,15.0
2245,LYGEND RESOURCE,ni_latest,1209.4588,Reviewed primary filing,https://www1.hkexnews.hk/listedco/listconews/sehk/2022/1121/10512524/2022112100028.pdf,14,Net income attributable to owners,2021,RMB,thousands,1386.0
2245,LYGEND RESOURCE,pe_ipo,22.9,Recalculated; input source confidence retained,derived:mktcap / latest FY NI,,derived:mktcap / latest FY NI,,,,20.0
6963,SUNSHINE INS,ni_latest,6622.0,Reviewed primary filing,https://www1.hkexnews.hk/listedco/listconews/sehk/2022/1130/2022113000027.pdf,18,Consolidated net income,2021,RMB,millions,6471.3
6963,SUNSHINE INS,pe_ipo,8.9,Recalculated; input source confidence retained,derived:mktcap / latest FY NI,,derived:mktcap / latest FY NI,,,,9.1
6963,SUNSHINE INS,rev_latest,131965.9,Reviewed primary filing,https://www1.hkexnews.hk/listedco/listconews/sehk/2022/1130/2022113000027.pdf,18,Revenue,2021,RMB,millions,108190.5
2407,GAUSH MEDITECH,ni_latest,-209.4917,Reviewed primary filing,https://www1.hkexnews.hk/listedco/listconews/sehk/2022/1130/2022113000167.pdf,25,Net income attributable to owners,2021,RMB,thousands,-151.8
1244,3D MEDICINES-B,ps_ipo,100.8,Recalculated; input source confidence retained,derived:mktcap / latest FY revenue,,derived:mktcap / latest FY revenue,,,,37.7
1244,3D MEDICINES-B,rev_latest,66.286,Reviewed primary filing,https://www1.hkexnews.hk/listedco/listconews/sehk/2022/1129/2022112900013.pdf,26,Revenue,2021,RMB,thousands,177.2
9985,WEILONG,ni_latest,909.4019,Reviewed primary filing,https://www1.hkexnews.hk/listedco/listconews/sehk/2022/1205/2022120500015.pdf,18,Consolidated net income,2021,RMB,thousands,1206.3
9985,WEILONG,pe_ipo,27.3,Recalculated; input source confidence retained,derived:mktcap / latest FY NI,,derived:mktcap / latest FY NI,,,,20.6
0314,SIPAI HEALTH,ni_latest,-4123.3533,Reviewed primary filing,https://www1.hkexnews.hk/listedco/listconews/sehk/2022/1212/10538780/2022121200031.pdf,15,Consolidated net income,2021,RMB,thousands,-4114.5
6929,ORBUSNEICH,ni_latest,-34.6632,Reviewed primary filing,https://www1.hkexnews.hk/listedco/listconews/sehk/2022/1213/2022121300009.pdf,15,Consolidated net income,2021,US$,thousands,-10.3
6698,STAR CM,ni_latest,-379.4956,Reviewed primary filing,https://www1.hkexnews.hk/listedco/listconews/sehk/2022/1215/2022121500027.pdf,569,Net income attributable to owners,2021,RMB,thousands,95.6
6922,CRYOFOCUS-B,ni_latest,-112.0603,Reviewed primary filing,https://www1.hkexnews.hk/listedco/listconews/sehk/2022/1216/2022121600015.pdf,21,Net income attributable to owners,2021,RMB,thousands,-101.7
6922,CRYOFOCUS-B,ps_ipo,183.1,Recalculated; input source confidence retained,derived:mktcap / latest FY revenue,,derived:mktcap / latest FY revenue,,,,339.6
6922,CRYOFOCUS-B,rev_latest,24.6686,Reviewed primary filing,https://www1.hkexnews.hk/listedco/listconews/sehk/2022/1216/2022121600015.pdf,21,Revenue,2021,RMB,thousands,13.3
6955,BOAN BIOTECH-B,ni_latest,-247.9587,Reviewed primary filing,https://www1.hkexnews.hk/listedco/listconews/sehk/2022/1219/2022121900009.pdf,554,Net income attributable to owners,2021,RMB,thousands,-364.9
6955,BOAN BIOTECH-B,ps_ipo,50.6,Recalculated; input source confidence retained,derived:mktcap / latest FY revenue,,derived:mktcap / latest FY revenue,,,,36.3
6955,BOAN BIOTECH-B,rev_latest,174.5744,Reviewed primary filing,https://www1.hkexnews.hk/listedco/listconews/sehk/2022/1219/2022121900009.pdf,30,Revenue,2021,RMB,thousands,242.8
2469,FENBI,ni_latest,-2250.5681,Reviewed primary filing,https://www1.hkexnews.hk/listedco/listconews/sehk/2022/1223/2022122300005.pdf,16,Consolidated net income,2021,RMB,thousands,-2263.7
2147,ZHENGWEI GROUP,deal_size_hkdm,136.0,Recalculated; input source confidence retained,derived:gross (price x shares),,derived:gross (price x shares),,,,97.3
2147,ZHENGWEI GROUP,eff_free_float_hkdm,136.0,Recalculated; input source confidence retained,derived: deal size x (1 - cornerstone%),,derived: deal size x (1 - cornerstone%),,,,97.3
2147,ZHENGWEI GROUP,eff_free_float_pct,27.7,Recalculated; input source confidence retained,derived: deal size x (1 - cornerstone%) / mktcap,,derived: deal size x (1 - cornerstone%) / mktcap,,,,16.22
2147,ZHENGWEI GROUP,mktcap_ipo_hkdm,491.0,Recalculated; input source confidence retained,derived:deal size / offer % of enlarged capital,,derived:deal size / offer % of enlarged capital,,,,600.0
2147,ZHENGWEI GROUP,pe_ipo,9.2,Recalculated; input source confidence retained,derived:mktcap / latest FY NI,,derived:mktcap / latest FY NI,,,,11.3
2147,ZHENGWEI GROUP,ps_ipo,1.3,Recalculated; input source confidence retained,derived:mktcap / latest FY revenue,,derived:mktcap / latest FY revenue,,,,1.6
2411,PAGODA GP,ni_latest,253.3795,Reviewed primary filing,https://www1.hkexnews.hk/listedco/listconews/sehk/2022/1229/10554362/2022122900182.pdf,15,Net income attributable to owners,2021,RMB,thousands,243.5
2411,PAGODA GP,pe_ipo,35.1,Recalculated; input source confidence retained,derived:mktcap / latest FY NI,,derived:mktcap / latest FY NI,,,,36.5
2373,BEAUTYFARM MED,ni_latest,212.8225,Reviewed primary filing,https://www1.hkexnews.hk/listedco/listconews/sehk/2022/1230/2022123000067.pdf,26,Net income attributable to owners,2021,RMB,thousands,229.2
2373,BEAUTYFARM MED,pe_ipo,20.9,Recalculated; input source confidence retained,derived:mktcap / latest FY NI,,derived:mktcap / latest FY NI,,,,19.4
2455,RUNHUA SERVICE,ni_latest,48.73,Reviewed primary filing,https://www1.hkexnews.hk/listedco/listconews/sehk/2022/1230/2022123000035.pdf,437,Net income attributable to owners,2021,RMB,thousands,44.2
2455,RUNHUA SERVICE,pe_ipo,10.5,Recalculated; input source confidence retained,derived:mktcap / latest FY NI,,derived:mktcap / latest FY NI,,,,11.5
2405,POWERWIN TECH,ni_latest,42.8532,Reviewed primary filing,https://www1.hkexnews.hk/listedco/listconews/sehk/2023/0321/2023032100009.pdf,493,Consolidated net income,2022,US$,thousands,45.0
2405,POWERWIN TECH,pe_ipo,12.1,Recalculated; input source confidence retained,derived:mktcap / latest FY NI,,derived:mktcap / latest FY NI,,,,11.6
2405,POWERWIN TECH,ps_ipo,4.1,Recalculated; input source confidence retained,derived:mktcap / latest FY revenue,,derived:mktcap / latest FY revenue,,,,4.6
2405,POWERWIN TECH,rev_latest,128.1462,Reviewed primary filing,https://www1.hkexnews.hk/listedco/listconews/sehk/2023/0321/2023032100009.pdf,492,Revenue,2022,US$,thousands,111.9
9885,YSB,ni_latest,-1637.5568,Reviewed primary filing,https://www1.hkexnews.hk/listedco/listconews/sehk/2023/0615/10774317/2023061500066.pdf,7,Net income attributable to owners,2022,RMB,thousands,-1650.0
9860,ADICON HOLDINGS,ni_latest,748.8723,Reviewed primary filing,https://www1.hkexnews.hk/listedco/listconews/sehk/2023/0619/2023061900005.pdf,13,Net income attributable to owners,2022,RMB,thousands,753.4
1284,NEW MEDIA LAB,oversub_public_mult,44.2,Reviewed primary filing,https://www1.hkexnews.hk/listedco/listconews/sehk/2023/0714/10815137/2023071400018.pdf,1,named-tranche denominator,,,times,1.5
1541,IMMUNEONCO-B,ni_latest,-443.1834,Reviewed primary filing,https://www1.hkexnews.hk/listedco/listconews/sehk/2023/0824/2023082400037.pdf,27,Consolidated net income,2022,RMB,thousands,-164.0
1541,IMMUNEONCO-B,ps_ipo,10362.8,Recalculated; input source confidence retained,derived:mktcap / latest FY revenue,,derived:mktcap / latest FY revenue,,,,20442.3
1541,IMMUNEONCO-B,rev_latest,0.5918,Reviewed primary filing,https://www1.hkexnews.hk/listedco/listconews/sehk/2023/0824/2023082400037.pdf,27,Revenue,2022,RMB,thousands,0.3
2490,LC LOGISTICS,ni_latest,419.0384,Reviewed primary filing,https://www1.hkexnews.hk/listedco/listconews/sehk/2023/0913/2023091300017.pdf,32,Net income attributable to owners,2022,RMB,thousands,424.9
9686,NEUSOFT XIKANG,ni_latest,-266.1637,Reviewed primary filing,https://www1.hkexnews.hk/listedco/listconews/sehk/2023/0918/2023091800017.pdf,24,Net income attributable to owners,2022,RMB,thousands,-267.6
9890,ZX INC,ni_latest,565.4737,Reviewed primary filing,https://www1.hkexnews.hk/listedco/listconews/sehk/2023/0918/2023091800015.pdf,24,Net income attributable to owners,2022,RMB,thousands,661.7
9890,ZX INC,pe_ipo,13.2,Recalculated; input source confidence retained,derived:mktcap / latest FY NI,,derived:mktcap / latest FY NI,,,,11.3
6682,FOURTH PARADIGM,ni_latest,-1809.3867,Reviewed primary filing,https://www1.hkexnews.hk/listedco/listconews/sehk/2023/0918/2023091800009.pdf,20,Net income attributable to owners,2022,RMB,thousands,-1818.3
2501,MAIYUE TECH,ni_latest,53.6514,Reviewed primary filing,https://www1.hkexnews.hk/listedco/listconews/sehk/2023/0928/10913343/2023092800122.pdf,11,Net income attributable to owners,2022,RMB,thousands,54.0
2451,LUYUAN GP HLDG,oversub_public_mult,7.66,Reviewed primary filing,https://www1.hkexnews.hk/listedco/listconews/sehk/2023/1011/10930000/2023101100036.pdf,1,named-tranche denominator,,,times,15.0
1519,J&T EXPRESS-W,ni_latest,12266.0226,Reviewed primary filing,https://www1.hkexnews.hk/listedco/listconews/sehk/2023/1016/2023101600009.pdf,24,Consolidated net income,2022,US$,thousands,12918.1
1519,J&T EXPRESS-W,pe_ipo,8.6,Recalculated; input source confidence retained,derived:mktcap / latest FY NI,,derived:mktcap / latest FY NI,,,,8.2
2517,GUOQUAN,ni_latest,252.8977,Reviewed primary filing,https://www1.hkexnews.hk/listedco/listconews/sehk/2023/1020/2023102000007.pdf,18,Net income attributable to owners,2022,RMB,thousands,365.2
2517,GUOQUAN,pe_ipo,56.1,Recalculated; input source confidence retained,derived:mktcap / latest FY NI,,derived:mktcap / latest FY NI,,,,38.8
9663,SINOSYNERGY,ni_latest,-300.7576,Reviewed primary filing,https://www1.hkexnews.hk/listedco/listconews/sehk/2023/1127/2023112700007.pdf,25,Net income attributable to owners,2022,RMB,thousands,-308.2
0666,REPT BATTERO,ni_latest,-389.5331,Reviewed primary filing,https://www1.hkexnews.hk/listedco/listconews/sehk/2023/1208/2023120800019.pdf,18,Net income attributable to owners,2022,RMB,thousands,-495.9
6911,LANCANG TEA,ni_latest,79.4255,Reviewed primary filing,https://www1.hkexnews.hk/listedco/listconews/sehk/2023/1214/2023121400011.pdf,19,Net income attributable to owners,2022,RMB,thousands,77.5
6911,LANCANG TEA,pe_ipo,11.3,Recalculated; input source confidence retained,derived:mktcap / latest FY NI,,derived:mktcap / latest FY NI,,,,11.6
9880,UBTECH ROBOTICS,ni_latest,-1072.2899,Reviewed primary filing,https://www1.hkexnews.hk/listedco/listconews/sehk/2023/1219/2023121900021.pdf,579,Net income attributable to owners,2022,RMB,thousands,-1086.1
2498,ROBOSENSE,ni_latest,-2297.5172,Reviewed primary filing,https://www1.hkexnews.hk/listedco/listconews/sehk/2023/1227/2023122700027.pdf,15,Net income attributable to owners,2022,RMB,thousands,-2294.7
2509,QYUNS-B,ni_latest,-558.5228,Reviewed primary filing,https://www1.hkexnews.hk/listedco/listconews/sehk/2024/0312/2024031200007.pdf,634,Net income attributable to owners,2023,RMB,thousands,-226.5
2536,PALASINO,mktcap_ipo_hkdm,1248.0,Recalculated; input source confidence retained,derived:deal size / offer % of enlarged capital,,derived:deal size / offer % of enlarged capital,,,,2080.0
2536,PALASINO,oversub_public_mult,15.96,Reviewed primary filing,https://www1.hkexnews.hk/listedco/listconews/sehk/2024/0325/2024032501621.pdf,2,tranche table,,,times,0.23
2536,PALASINO,pe_ipo,28.3,Recalculated; input source confidence retained,derived:mktcap / latest FY NI,,derived:mktcap / latest FY NI,,,,47.1
2536,PALASINO,ps_ipo,2.4,Recalculated; input source confidence retained,derived:mktcap / latest FY revenue,,derived:mktcap / latest FY revenue,,,,3.9
0917,QUNABOX GROUP,ni_latest,144.0362,Reviewed primary filing,https://www1.hkexnews.hk/listedco/listconews/sehk/2024/0517/2024051700009.pdf,20,Net income attributable to owners,2023,RMB,thousands,150.4
0917,QUNABOX GROUP,pe_ipo,45.6,Recalculated; input source confidence retained,derived:mktcap / latest FY NI,,derived:mktcap / latest FY NI,,,,43.7
2522,RIMAG GROUP,ni_latest,48.8565,Reviewed primary filing,https://www1.hkexnews.hk/listedco/listconews/sehk/2024/0530/2024053000044.pdf,530,Net income attributable to owners,2023,RMB,thousands,40.2
2522,RIMAG GROUP,pe_ipo,109.3,Recalculated; input source confidence retained,derived:mktcap / latest FY NI,,derived:mktcap / latest FY NI,,,,132.8
2228,QUANTUMPH-P,ni_latest,-2105.8224,Reviewed primary filing,https://www1.hkexnews.hk/listedco/listconews/sehk/2024/0604/2024060400065.pdf,667,Net income attributable to owners,2023,RMB,thousands,-1582.5
2512,CLOUD FACTORY,deal_size_hkdm,529.0,Recalculated; input source confidence retained,derived:gross (stated),,derived:gross (stated),,,,133.9
2512,CLOUD FACTORY,eff_free_float_hkdm,529.0,Recalculated; input source confidence retained,derived: deal size x (1 - cornerstone%),,derived: deal size x (1 - cornerstone%),,,,133.9
2512,CLOUD FACTORY,eff_free_float_pct,25.0,Recalculated; input source confidence retained,derived: deal size x (1 - cornerstone%) / mktcap,,derived: deal size x (1 - cornerstone%) / mktcap,,,,6.33
2512,CLOUD FACTORY,ni_latest,15.3153,Reviewed primary filing,https://www1.hkexnews.hk/listedco/listconews/sehk/2024/0605/2024060500041.pdf,481,Net income attributable to owners,2023,RMB,thousands,15.6
2512,CLOUD FACTORY,pe_ipo,138.2,Recalculated; input source confidence retained,derived:mktcap / latest FY NI,,derived:mktcap / latest FY NI,,,,135.6
2479,TIANJUDIHE,ni_latest,38.2261,Reviewed primary filing,https://www1.hkexnews.hk/listedco/listconews/sehk/2024/0620/2024062000191.pdf,25,Net income attributable to owners,2023,RMB,thousands,38.6
2479,TIANJUDIHE,pe_ipo,109.3,Recalculated; input source confidence retained,derived:mktcap / latest FY NI,,derived:mktcap / latest FY NI,,,,108.2
6181,LAOPU GOLD,ni_latest,457.9322,Reviewed primary filing,https://www1.hkexnews.hk/listedco/listconews/sehk/2024/0620/2024062000017.pdf,418,Net income attributable to owners,2023,RMB,thousands,125.3
6181,LAOPU GOLD,pe_ipo,14.6,Recalculated; input source confidence retained,derived:mktcap / latest FY NI,,derived:mktcap / latest FY NI,,,,53.3
2545,ZHONGGAN COMM,ps_ipo,1.2,Recalculated; input source confidence retained,derived:mktcap / latest FY revenue,,derived:mktcap / latest FY revenue,,,,1.8
2545,ZHONGGAN COMM,rev_latest,670.2311,Reviewed primary filing,https://www1.hkexnews.hk/listedco/listconews/sehk/2024/0621/2024062100099.pdf,15,Revenue,2023,RMB,thousands,454.4
2495,VOICECOMM,ni_latest,-37.1294,Reviewed primary filing,https://www1.hkexnews.hk/listedco/listconews/sehk/2024/0628/2024062800079.pdf,542,Net income attributable to owners,2023,RMB,thousands,-31.6
2495,VOICECOMM,ps_ipo,5.3,Recalculated; input source confidence retained,derived:mktcap / latest FY revenue,,derived:mktcap / latest FY revenue,,,,8.4
2495,VOICECOMM,rev_latest,894.3187,Reviewed primary filing,https://www1.hkexnews.hk/listedco/listconews/sehk/2024/0628/2024062800079.pdf,23,Revenue,2023,RMB,thousands,566.5
1471,ZHONGMIAO,ni_latest,44.4092,Reviewed primary filing,https://www1.hkexnews.hk/listedco/listconews/sehk/2024/0729/2024072900013.pdf,338,Net income attributable to owners,2023,RMB,thousands,42.9
1471,ZHONGMIAO,pe_ipo,22.3,Recalculated; input source confidence retained,derived:mktcap / latest FY NI,,derived:mktcap / latest FY NI,,,,23.0
2410,TYK MEDICINES-B,ni_latest,-420.6697,Reviewed primary filing,https://www1.hkexnews.hk/listedco/listconews/sehk/2024/0812/2024081200005.pdf,28,Net income attributable to owners,2023,RMB,thousands,-91.5
2410,TYK MEDICINES-B,rev_latest,0.0,Reviewed primary filing,https://www1.hkexnews.hk/listedco/listconews/sehk/2024/0812/2024081200005.pdf,28,Revenue,2023,RMB,thousands,48.7
0300,MIDEA GROUP,oversub_public_mult,5.31,Reviewed primary filing,https://www1.hkexnews.hk/listedco/listconews/sehk/2024/0916/2024091600951.pdf,4,tranche table,,,times,9.0
2576,TAIMEI TECH,ni_latest,-381.4558,Reviewed primary filing,https://www1.hkexnews.hk/listedco/listconews/sehk/2024/0927/2024092700025.pdf,499,Net income attributable to owners,2023,RMB,thousands,-464.8
2460,CR BEVERAGE,ni_latest,1462.2751,Reviewed primary filing,https://www1.hkexnews.hk/listedco/listconews/sehk/2024/1015/2024101500009.pdf,26,Net income attributable to owners,2023,RMB,thousands,1464.5
2465,LOPAL TECH,ni_latest,-1356.6201,Reviewed primary filing,https://www1.hkexnews.hk/listedco/listconews/sehk/2024/1022/2024102200007.pdf,406,Net income attributable to owners,2023,RMB,thousands,-2013.6
2465,LOPAL TECH,rev_latest,9602.4269,Reviewed primary filing,https://www1.hkexnews.hk/listedco/listconews/sehk/2024/1022/2024102200007.pdf,406,Revenue,2023,RMB,thousands,13466.1
2563,BIOSTAR PHARM-B,ni_latest,-208.6084,Reviewed primary filing,https://www1.hkexnews.hk/listedco/listconews/sehk/2024/1023/2024102300015.pdf,553,Consolidated net income,2023,RMB,thousands,-91.8
2510,TS LINES,ni_latest,161.5302,Reviewed primary filing,https://www1.hkexnews.hk/listedco/listconews/sehk/2024/1024/2024102400036.pdf,523,Net income attributable to owners,2023,US$,thousands,-245.9
2551,APT ELECTRONICS,ni_latest,73.0158,Reviewed primary filing,https://www1.hkexnews.hk/listedco/listconews/sehk/2024/1031/11420785/2024103100083.pdf,14,Net income attributable to owners,2023,RMB,thousands,79.2
2551,APT ELECTRONICS,pe_ipo,26.6,Recalculated; input source confidence retained,derived:mktcap / latest FY NI,,derived:mktcap / latest FY NI,,,,24.5
6936,SF HOLDING,ni_latest,9057.9423,Reviewed primary filing,https://www1.hkexnews.hk/listedco/listconews/sehk/2024/1119/2024111900011.pdf,499,Net income attributable to owners,2023,RMB,thousands,8702.8
6936,SF HOLDING,pe_ipo,16.5,Recalculated; input source confidence retained,derived:mktcap / latest FY NI,,derived:mktcap / latest FY NI,,,,17.2
2431,MINIEYE,ni_latest,-216.9618,Reviewed primary filing,https://www1.hkexnews.hk/listedco/listconews/sehk/2024/1217/2024121700015.pdf,498,Net income attributable to owners,2023,RMB,thousands,-227.9
2587,HEALTHYWAY INC,ni_latest,-341.0869,Reviewed primary filing,https://www1.hkexnews.hk/listedco/listconews/sehk/2024/1218/2024121800023.pdf,553,Net income attributable to owners,2023,RMB,thousands,-345.3
2560,CONCH MAT TECH,pe_ipo,12.0,Recalculated; input source confidence retained,derived:mktcap / latest FY NI,,derived:mktcap / latest FY NI,,,,5.1
2571,SAIMO,ni_latest,58.7741,Reviewed primary filing,https://www1.hkexnews.hk/listedco/listconews/sehk/2024/1231/2024123100154.pdf,23,Consolidated net income,2023,RMB,thousands,55.8
2571,SAIMO,pe_ipo,29.5,Recalculated; input source confidence retained,derived:mktcap / latest FY NI,,derived:mktcap / latest FY NI,,,,31.0
1364,GUMING,ni_latest,1165.8207,Reviewed primary filing,https://www1.hkexnews.hk/listedco/listconews/sehk/2025/0204/2025020400011.pdf,21,Net income attributable to owners,2023,RMB,thousands,1206.0
1364,GUMING,pe_ipo,20.1,Recalculated; input source confidence retained,derived:mktcap / latest FY NI,,derived:mktcap / latest FY NI,,,,19.4
2097,MIXUE GROUP,ni_latest,3451.0751,Reviewed primary filing,https://www1.hkexnews.hk/listedco/listconews/sehk/2025/0221/11543478/2025022100039.pdf,10,Net income attributable to owners,2023,RMB,thousands,3505.3
2097,MIXUE GROUP,pe_ipo,22.1,Recalculated; input source confidence retained,derived:mktcap / latest FY NI,,derived:mktcap / latest FY NI,,,,21.8
6693,CHIFENG GOLD,ni_latest,884.9181,Reviewed primary filing,https://www1.hkexnews.hk/listedco/listconews/sehk/2025/0228/2025022800056.pdf,497,Net income attributable to owners,2023,RMB,thousands,958.7
6693,CHIFENG GOLD,pe_ipo,29.0,Recalculated; input source confidence retained,derived:mktcap / latest FY NI,,derived:mktcap / latest FY NI,,,,26.8
2561,VISEN PHARMA-B,ni_latest,-274.527,Reviewed primary filing,https://www1.hkexnews.hk/listedco/listconews/sehk/2025/0313/2025031300017.pdf,539,Net income attributable to owners,2023,RMB,thousands,-229.2
2569,SOFT INTL,ni_latest,60.2261,Reviewed primary filing,https://www1.hkexnews.hk/listedco/listconews/sehk/2025/0319/2025031900013.pdf,459,Consolidated net income,2024,RMB,thousands,64.8
2569,SOFT INTL,pe_ipo,8.5,Recalculated; input source confidence retained,derived:mktcap / latest FY NI,,derived:mktcap / latest FY NI,,,,7.9
1333,BRETON,ps_ipo,9.8,Recalculated; input source confidence retained,derived:mktcap / latest FY revenue,,derived:mktcap / latest FY revenue,,,,17.0
1333,BRETON,rev_latest,699.0027,Reviewed primary filing,https://www1.hkexnews.hk/listedco/listconews/sehk/2025/0425/2025042500055.pdf,12,Revenue,2024,RMB,thousands,401.0
2865,DRINDA,ps_ipo,0.6,Recalculated; input source confidence retained,derived:mktcap / latest FY revenue,,derived:mktcap / latest FY revenue,,,,3.2
2865,DRINDA,rev_latest,10916.2834,Reviewed primary filing,https://www1.hkexnews.hk/listedco/listconews/sehk/2025/0428/2025042800051.pdf,35,Revenue,2024,RMB,thousands,2006.3
3750,CATL,ni_latest,57236.1306,Reviewed primary filing,https://www1.hkexnews.hk/listedco/listconews/sehk/2025/0512/2025051200005.pdf,17,Net income attributable to owners,2024,RMB,thousands,60824.5
3750,CATL,pe_ipo,20.8,Recalculated; input source confidence retained,derived:mktcap / latest FY NI,,derived:mktcap / latest FY NI,,,,19.6
2603,JIHONG CO,ni_latest,200.1241,Reviewed primary filing,https://www1.hkexnews.hk/listedco/listconews/sehk/2025/0519/2025051900011.pdf,19,Net income attributable to owners,2024,RMB,thousands,202.9
2603,JIHONG CO,pe_ipo,17.4,Recalculated; input source confidence retained,derived:mktcap / latest FY NI,,derived:mktcap / latest FY NI,,,,17.1
2603,JIHONG CO,rev_latest,6082.1849,Reviewed primary filing,https://www1.hkexnews.hk/listedco/listconews/sehk/2025/0519/2025051900011.pdf,19,Revenue,2024,RMB,thousands,5913.5
2621,SHOUHUI GROUP,ni_latest,-149.1699,Reviewed primary filing,https://www1.hkexnews.hk/listedco/listconews/sehk/2025/0522/2025052200031.pdf,19,Consolidated net income,2024,RMB,thousands,-99.2
3288,HAITIAN FLAV,intl_placees,317.0,Reviewed primary filing,https://www1.hkexnews.hk/listedco/listconews/sehk/2025/0618/2025061801931.pdf,5,,,,,25
3288,HAITIAN FLAV,ni_latest,6978.5386,Reviewed primary filing,https://www1.hkexnews.hk/listedco/listconews/sehk/2025/0611/2025061100017.pdf,20,Net income attributable to owners,2024,RMB,thousands,6991.4
2609,BAYZED HEALTH,ni_latest,-14.8027,Reviewed primary filing,https://www1.hkexnews.hk/listedco/listconews/sehk/2025/0613/2025061300019.pdf,28,Net income attributable to owners,2024,RMB,thousands,-3.9
2617,TRANSTHERA-B,ni_latest,-302.071,Reviewed primary filing,https://www1.hkexnews.hk/listedco/listconews/sehk/2025/0613/2025061300035.pdf,28,Consolidated net income,2024,RMB,thousands,-377.7
2617,TRANSTHERA-B,rev_latest,0.0,Reviewed primary filing,https://www1.hkexnews.hk/listedco/listconews/sehk/2025/0613/2025061300035.pdf,28,Revenue,2024,RMB,thousands,1.3
2643,CAOCAO INC,ni_latest,-1375.8459,Reviewed primary filing,https://www1.hkexnews.hk/listedco/listconews/sehk/2025/0617/2025061700008.pdf,28,Net income attributable to owners,2024,RMB,thousands,-1371.0
6168,ZHOU LIU FU,pe_ipo,13.4,Recalculated; input source confidence retained,derived:mktcap / latest FY NI,,derived:mktcap / latest FY NI,,,,14.5
2508,SAINT BELLA,ni_latest,-601.2347,Reviewed primary filing,https://www1.hkexnews.hk/listedco/listconews/sehk/2025/0618/2025061800127.pdf,23,Net income attributable to owners,2024,RMB,thousands,-597.6
9678,UNISOUND,ni_latest,-497.6004,Reviewed primary filing,https://www1.hkexnews.hk/listedco/listconews/sehk/2025/0620/2025062000023.pdf,388,Net income attributable to owners,2024,RMB,thousands,-499.6
2648,ANJOY FOOD,ni_latest,1633.3141,Reviewed primary filing,https://www1.hkexnews.hk/listedco/listconews/sehk/2025/0625/2025062500043.pdf,24,Net income attributable to owners,2024,RMB,thousands,1665.0
2648,ANJOY FOOD,pe_ipo,15.6,Recalculated; input source confidence retained,derived:mktcap / latest FY NI,,derived:mktcap / latest FY NI,,,,15.3
2651,DAZHONG DENTAL,ni_latest,46.1076,Reviewed primary filing,https://www1.hkexnews.hk/listedco/listconews/sehk/2025/0630/2025063000019.pdf,441,Net income attributable to owners,2024,RMB,thousands,68.8
2651,DAZHONG DENTAL,pe_ipo,21.4,Recalculated; input source confidence retained,derived:mktcap / latest FY NI,,derived:mktcap / latest FY NI,,,,14.4
2590,GEEKPLUS-W,ni_latest,-914.6511,Reviewed primary filing,https://www1.hkexnews.hk/listedco/listconews/sehk/2025/0630/2025063000025.pdf,24,Consolidated net income,2024,RMB,thousands,-1239.4
2597,XUNZHONG,ni_latest,58.8995,Reviewed primary filing,https://www1.hkexnews.hk/listedco/listconews/sehk/2025/0630/2025063000023.pdf,17,Net income attributable to owners,2024,RMB,thousands,55.7
2597,XUNZHONG,pe_ipo,28.0,Recalculated; input source confidence retained,derived:mktcap / latest FY NI,,derived:mktcap / latest FY NI,,,,29.6
1304,FORTIOR,ni_latest,244.5982,Reviewed primary filing,https://www1.hkexnews.hk/listedco/listconews/sehk/2025/0630/2025063000015.pdf,331,Net income attributable to owners,2024,RMB,thousands,156.2
1304,FORTIOR,pe_ipo,53.4,Recalculated; input source confidence retained,derived:mktcap / latest FY NI,,derived:mktcap / latest FY NI,,,,83.7
9887,LEADS BIOLABS-B,ni_latest,-331.3376,Reviewed primary filing,https://www1.hkexnews.hk/listedco/listconews/sehk/2025/0717/2025071700005.pdf,29,Consolidated net income,2024,RMB,thousands,-95.2
9887,LEADS BIOLABS-B,rev_latest,0.0,Reviewed primary filing,https://www1.hkexnews.hk/listedco/listconews/sehk/2025/0717/2025071700005.pdf,29,Revenue,2024,RMB,thousands,9.8
2627,AB&B BIO-TECH-B,ps_ipo,17.8,Recalculated; input source confidence retained,derived:mktcap / latest FY revenue,,derived:mktcap / latest FY revenue,,,,16918.0
2627,AB&B BIO-TECH-B,rev_latest,285.5732,Reviewed primary filing,https://www1.hkexnews.hk/listedco/listconews/sehk/2025/0731/2025073100087.pdf,26,Revenue,2024,RMB,thousands,0.3
2591,INNOGEN-B,ni_latest,-192.159,Reviewed primary filing,https://www1.hkexnews.hk/listedco/listconews/sehk/2025/0807/2025080700013.pdf,27,Consolidated net income,2024,RMB,thousands,-68.1
2591,INNOGEN-B,rev_latest,0.0,Reviewed primary filing,https://www1.hkexnews.hk/listedco/listconews/sehk/2025/0807/2025080700013.pdf,27,Revenue,2024,RMB,thousands,42.0
3858,JIAXIN INTL RES,intl_placees,149.0,Reviewed primary filing,https://www1.hkexnews.hk/listedco/listconews/sehk/2025/0827/2025082702293.pdf,4,,,,,6
3858,JIAXIN INTL RES,rev_latest,0.0,Reviewed primary filing,https://www1.hkexnews.hk/listedco/listconews/sehk/2025/0820/2025082000021.pdf,34,Revenue,2024,HK$,thousands,126.3
2889,PATEO,ps_ipo,5.5,Recalculated; input source confidence retained,derived:mktcap / latest FY revenue,,derived:mktcap / latest FY revenue,,,,7.1
2889,PATEO,rev_latest,2812.7033,Reviewed primary filing,https://www1.hkexnews.hk/listedco/listconews/sehk/2025/0922/2025092200011.pdf,14,Revenue,2024,RMB,thousands,2154.9
2650,ZHIDA TECH,ni_latest,-262.7262,Reviewed primary filing,https://www1.hkexnews.hk/listedco/listconews/sehk/2025/0930/2025093000033.pdf,23,Net income attributable to owners,2024,RMB,thousands,-259.5
2575,XUANZHUBIO-B,ps_ipo,181.5,Recalculated; input source confidence retained,derived:mktcap / latest FY revenue,,derived:mktcap / latest FY revenue,,,,341.4
2575,XUANZHUBIO-B,rev_latest,33.1034,Reviewed primary filing,https://www1.hkexnews.hk/listedco/listconews/sehk/2025/1006/2025100600007.pdf,33,Revenue,2024,RMB,thousands,17.6
2670,YUNJI,ni_latest,-203.4593,Reviewed primary filing,https://www1.hkexnews.hk/listedco/listconews/sehk/2025/1008/2025100800003.pdf,24,Consolidated net income,2024,RMB,thousands,-64.0
6031,SANY HEAVY IND,ni_latest,6572.9961,Reviewed primary filing,https://www1.hkexnews.hk/listedco/listconews/sehk/2025/1020/2025102000017.pdf,414,Net income attributable to owners,2024,RMB,thousands,6701.8
6031,SANY HEAVY IND,pe_ipo,28.0,Recalculated; input source confidence retained,derived:mktcap / latest FY NI,,derived:mktcap / latest FY NI,,,,27.5
2630,VIGONVITA-B,ps_ipo,429.7,Recalculated; input source confidence retained,derived:mktcap / latest FY revenue,,derived:mktcap / latest FY revenue,,,,1597.9
2630,VIGONVITA-B,rev_latest,13.0152,Reviewed primary filing,https://www1.hkexnews.hk/listedco/listconews/sehk/2025/1028/2025102800017.pdf,26,Revenue,2024,RMB,thousands,3.5
2026,PONY-W,ni_latest,-2145.0468,Reviewed primary filing,https://www1.hkexnews.hk/listedco/listconews/sehk/2025/1028/2025102800087.pdf,35,Consolidated net income,2024,US$,thousands,-2138.1
2788,CHUANGXIN IND,ni_latest,2892.45,Reviewed primary filing,https://www1.hkexnews.hk/listedco/listconews/sehk/2025/1114/2025111400009.pdf,24,Consolidated net income,2024,RMB,millions,2261.8
2788,CHUANGXIN IND,pe_ipo,6.9,Recalculated; input source confidence retained,derived:mktcap / latest FY NI,,derived:mktcap / latest FY NI,,,,8.8
2676,NOVOSENSE,ni_latest,-443.1658,Reviewed primary filing,https://www1.hkexnews.hk/listedco/listconews/sehk/2025/1128/2025112800015.pdf,405,Net income attributable to owners,2024,RMB,thousands,-419.5
2659,BAO PHARMA-B,ni_latest,-400.8763,Reviewed primary filing,https://www1.hkexnews.hk/listedco/listconews/sehk/2025/1202/2025120200034.pdf,31,Consolidated net income,2024,RMB,thousands,-184.0
2659,BAO PHARMA-B,ps_ipo,1269.1,Recalculated; input source confidence retained,derived:mktcap / latest FY revenue,,derived:mktcap / latest FY revenue,,,,5374.6
2659,BAO PHARMA-B,rev_latest,6.776,Reviewed primary filing,https://www1.hkexnews.hk/listedco/listconews/sehk/2025/1202/2025120200034.pdf,31,Revenue,2024,RMB,thousands,1.6
2655,GUOXIA TECH,ni_latest,54.0309,Reviewed primary filing,https://www1.hkexnews.hk/listedco/listconews/sehk/2025/1208/2025120800011.pdf,476,Net income attributable to owners,2024,RMB,thousands,35.0
2655,GUOXIA TECH,pe_ipo,168.4,Recalculated; input source confidence retained,derived:mktcap / latest FY NI,,derived:mktcap / latest FY NI,,,,260.0
2396,B&K CORP-B,ni_latest,-233.475,Reviewed primary filing,https://www1.hkexnews.hk/listedco/listconews/sehk/2025/1212/2025121200081.pdf,541,Net income attributable to owners,2024,RMB,thousands,-180.5
2396,B&K CORP-B,ps_ipo,15654.8,Recalculated; input source confidence retained,derived:mktcap / latest FY revenue,,derived:mktcap / latest FY revenue,,,,14981.7
2661,QINGSONG HEALTH,ni_latest,11.4378,Reviewed primary filing,https://www1.hkexnews.hk/listedco/listconews/sehk/2025/1215/2025121500031.pdf,332,Consolidated net income,2024,RMB,thousands,-0.0
3378,HANXBIO-B,ni_latest,-127.413,Reviewed primary filing,https://www1.hkexnews.hk/listedco/listconews/sehk/2025/1215/2025121500027.pdf,562,Net income attributable to owners,2024,RMB,thousands,-128.6
3317,XUNCE,ni_latest,-92.4121,Reviewed primary filing,https://www1.hkexnews.hk/listedco/listconews/sehk/2025/1218/2025121800027.pdf,15,Net income attributable to owners,2024,RMB,thousands,-107.6
2671,USAS BUILDING,pe_ipo,11.0,Recalculated; input source confidence retained,derived:mktcap / latest FY NI,,derived:mktcap / latest FY NI,,,,5.4
2513,KNOWLEDGE ATLAS,ni_latest,-3253.8077,Reviewed primary filing,https://www1.hkexnews.hk/listedco/listconews/sehk/2025/1230/2025123000017.pdf,24,Consolidated net income,2024,RMB,thousands,-2110.3
9903,ILUVATAR COREX,ni_latest,-981.6763,Reviewed primary filing,https://www1.hkexnews.hk/listedco/listconews/sehk/2025/1230/2025123000019.pdf,402,Consolidated net income,2024,RMB,thousands,-1104.0
2675,EDGE MEDICAL-B,ni_latest,-240.3599,Reviewed primary filing,https://www1.hkexnews.hk/listedco/listconews/sehk/2025/1230/2025123000029.pdf,33,Net income attributable to owners,2024,RMB,thousands,-145.8
2675,EDGE MEDICAL-B,ps_ipo,95.3,Recalculated; input source confidence retained,derived:mktcap / latest FY revenue,,derived:mktcap / latest FY revenue,,,,503.5
2675,EDGE MEDICAL-B,rev_latest,175.9934,Reviewed primary filing,https://www1.hkexnews.hk/listedco/listconews/sehk/2025/1230/2025123000029.pdf,33,Revenue,2024,RMB,thousands,33.3
0100,MINIMAX-WP,ni_latest,-3628.8564,Reviewed primary filing,https://www1.hkexnews.hk/listedco/listconews/sehk/2025/1231/2025123100025.pdf,30,Consolidated net income,2024,US$,thousands,-14598.6
0100,MINIMAX-WP,ps_ipo,215.3,Recalculated; input source confidence retained,derived:mktcap / latest FY revenue,,derived:mktcap / latest FY revenue,,,,83.2
0100,MINIMAX-WP,rev_latest,238.0794,Reviewed primary filing,https://www1.hkexnews.hk/listedco/listconews/sehk/2025/1231/2025123100025.pdf,15,Revenue,2024,US$,thousands,616.2
6938,RIBOLIFE-B,ni_latest,-309.6412,Reviewed primary filing,https://www1.hkexnews.hk/listedco/listconews/sehk/2025/1231/2025123100037.pdf,22,Consolidated net income,2024,RMB,thousands,-155.7
6938,RIBOLIFE-B,ps_ipo,59.7,Recalculated; input source confidence retained,derived:mktcap / latest FY revenue,,derived:mktcap / latest FY revenue,,,,128.6
6938,RIBOLIFE-B,rev_latest,156.8897,Reviewed primary filing,https://www1.hkexnews.hk/listedco/listconews/sehk/2025/1231/2025123100037.pdf,22,Revenue,2024,RMB,thousands,72.9
6809,MONTAGE TECH,ni_latest,1552.9558,Reviewed primary filing,https://www1.hkexnews.hk/listedco/listconews/sehk/2026/0130/2026013000007.pdf,19,Net income attributable to owners,2024,RMB,thousands,1474.8
6809,MONTAGE TECH,pe_ipo,73.2,Recalculated; input source confidence retained,derived:mktcap / latest FY NI,,derived:mktcap / latest FY NI,,,,77.0
2720,RIDGE OUTDOOR,ni_latest,61.3151,Reviewed primary filing,https://www1.hkexnews.hk/listedco/listconews/sehk/2026/0130/2026013002014.pdf,385,Net income attributable to owners,2024,RMB,thousands,65.3
2720,RIDGE OUTDOOR,pe_ipo,25.6,Recalculated; input source confidence retained,derived:mktcap / latest FY NI,,derived:mktcap / latest FY NI,,,,24.1
0600,AXERA,ni_latest,-994.6167,Reviewed primary filing,https://www1.hkexnews.hk/listedco/listconews/sehk/2026/0130/2026013000009.pdf,381,Consolidated net income,2024,RMB,thousands,-249.7
0470,WUXI LEAD,ni_latest,294.8,Reviewed primary filing,https://www1.hkexnews.hk/listedco/listconews/sehk/2026/0203/2026020300009.pdf,18,Consolidated net income,2024,RMB,millions,314.7
0470,WUXI LEAD,pe_ipo,260.0,Recalculated; input source confidence retained,derived:mktcap / latest FY NI,,derived:mktcap / latest FY NI,,,,243.6
0470,WUXI LEAD,rev_latest,12950.3,Reviewed primary filing,https://www1.hkexnews.hk/listedco/listconews/sehk/2026/0203/2026020300009.pdf,18,Revenue,2024,RMB,millions,13040.6
2715,ESTUN,ni_latest,-892.0219,Reviewed primary filing,https://www1.hkexnews.hk/listedco/listconews/sehk/2026/0227/2026022700017.pdf,24,Net income attributable to owners,2024,RMB,thousands,-664.6
2649,ALSCO POOLING,ni_latest,44.1254,Reviewed primary filing,https://www1.hkexnews.hk/listedco/listconews/sehk/2026/0227/2026022700013.pdf,324,Net income attributable to owners,2024,RMB,thousands,55.8
2649,ALSCO POOLING,pe_ipo,22.5,Recalculated; input source confidence retained,derived:mktcap / latest FY NI,,derived:mktcap / latest FY NI,,,,17.8
1989,DELTON,ni_latest,1117.3679,Reviewed primary filing,https://www1.hkexnews.hk/listedco/listconews/sehk/2026/0312/2026031200003.pdf,424,Consolidated net income,2025,RMB,thousands,743.7
1989,DELTON,pe_ipo,30.4,Recalculated; input source confidence retained,derived:mktcap / latest FY NI,,derived:mktcap / latest FY NI,,,,45.7
2729,GALAXIS TECH,ni_latest,-189.6928,Reviewed primary filing,https://www1.hkexnews.hk/listedco/listconews/sehk/2026/0316/2026031600013.pdf,384,Net income attributable to owners,2025,RMB,thousands,-195.9
2632,NEW VISION CO,ni_latest,-157.6014,Reviewed primary filing,https://www1.hkexnews.hk/listedco/listconews/sehk/2026/0316/2026031600011.pdf,481,Net income attributable to owners,2024,RMB,thousands,-151.6
2526,DIAGENS-B,ni_latest,-47.7125,Reviewed primary filing,https://www1.hkexnews.hk/listedco/listconews/sehk/2026/0320/2026032000025.pdf,313,Consolidated net income,2024,RMB,thousands,-61.7
2526,DIAGENS-B,ps_ipo,113.7,Recalculated; input source confidence retained,derived:mktcap / latest FY revenue,,derived:mktcap / latest FY revenue,,,,409.3
2526,DIAGENS-B,rev_latest,77.3872,Reviewed primary filing,https://www1.hkexnews.hk/listedco/listconews/sehk/2026/0320/2026032000025.pdf,21,Revenue,2024,RMB,thousands,21.5
0664,TONGSHIFU,cornerstone_pct,6.75,Reviewed primary filing,https://www1.hkexnews.hk/listedco/listconews/sehk/2026/0330/2026033003120.pdf,,"sum of the rows, % of offer shares",,,,28.94
0664,TONGSHIFU,eff_free_float_hkdm,414.41,Recalculated; input source confidence retained,derived: deal size x (1 - cornerstone%),,derived: deal size x (1 - cornerstone%),,,,315.8
0664,TONGSHIFU,eff_free_float_pct,10.72,Recalculated; input source confidence retained,derived: deal size x (1 - cornerstone%) / mktcap,,derived: deal size x (1 - cornerstone%) / mktcap,,,,8.17
0664,TONGSHIFU,eff_free_float_shares,6906841,Recalculated; input source confidence retained,derived: offer shares x (1 - cornerstone%),,derived: offer shares x (1 - cornerstone%),,,,5263272
0664,TONGSHIFU,ps_ipo,6.2,Recalculated; input source confidence retained,derived:mktcap / latest FY revenue,,derived:mktcap / latest FY revenue,,,,5.7
0664,TONGSHIFU,rev_latest,628.3068,Reviewed primary filing,https://www1.hkexnews.hk/listedco/listconews/sehk/2026/0323/2026032300037.pdf,15,Revenue,2024,RMB,thousands,679.1
3277,GPIXEL,ni_latest,323.6002,Reviewed primary filing,https://www1.hkexnews.hk/listedco/listconews/sehk/2026/0409/2026040900047.pdf,15,Net income attributable to owners,2025,RMB,thousands,322.5
3277,GPIXEL,pe_ipo,35.8,Recalculated; input source confidence retained,derived:mktcap / latest FY NI,,derived:mktcap / latest FY NI,,,,36.0
2493,MABWELL-B,ni_latest,-1066.2674,Reviewed primary filing,https://www1.hkexnews.hk/listedco/listconews/sehk/2026/0420/2026042000011.pdf,272,Net income attributable to owners,2025,RMB,thousands,-1069.5
1879,XIZHI TECH-P,ni_latest,-1476.6136,Reviewed primary filing,https://www1.hkexnews.hk/listedco/listconews/sehk/2026/0420/2026042000021.pdf,27,Consolidated net income,2025,RMB,thousands,-808.8
1187,COFOE MEDICAL,ni_latest,408.7688,Reviewed primary filing,https://www1.hkexnews.hk/listedco/listconews/sehk/2026/0427/2026042700013.pdf,277,Net income attributable to owners,2025,RMB,thousands,-1.5
1236,LDROBOT,ps_ipo,9.5,Recalculated; input source confidence retained,derived:mktcap / latest FY revenue,,derived:mktcap / latest FY revenue,,,,51.6
1236,LDROBOT,rev_latest,822.5503,Reviewed primary filing,https://www1.hkexnews.hk/listedco/listconews/sehk/2026/0430/2026043000099.pdf,16,Revenue,2025,RMB,thousands,150.6
1511,UISEE TECH,ni_latest,-249.3975,Reviewed primary filing,https://www1.hkexnews.hk/listedco/listconews/sehk/2026/0512/2026051200147.pdf,328,Net income attributable to owners,2025,RMB,thousands,-253.2
1511,UISEE TECH,ps_ipo,27.1,Recalculated; input source confidence retained,derived:mktcap / latest FY revenue,,derived:mktcap / latest FY revenue,,,,60.7
1511,UISEE TECH,rev_latest,361.0827,Reviewed primary filing,https://www1.hkexnews.hk/listedco/listconews/sehk/2026/0512/2026051200147.pdf,20,Revenue,2025,RMB,thousands,161.3
3388,CREALITY,ni_latest,-200.8171,Reviewed primary filing,https://www1.hkexnews.hk/listedco/listconews/sehk/2026/0520/2026052000023.pdf,13,Net income attributable to owners,2025,RMB,thousands,-226.9
2553,SHOUGANG LANZA,ni_latest,-224.4286,Reviewed primary filing,https://www1.hkexnews.hk/listedco/listconews/sehk/2026/0526/2026052600047.pdf,250,Net income attributable to owners,2025,RMB,thousands,-357.4
6675,SENASIC,ni_latest,-362.8031,Reviewed primary filing,https://www1.hkexnews.hk/listedco/listconews/sehk/2026/0609/2026060900029.pdf,296,Net income attributable to owners,2025,RMB,thousands,-386.5
6132,HJ SCIENCE-B,ps_ipo,421.6,Recalculated; input source confidence retained,derived:mktcap / latest FY revenue,,derived:mktcap / latest FY revenue,,,,421.0
6067,SENIOR MATERIAL,ni_latest,116.2172,Reviewed primary filing,https://www1.hkexnews.hk/listedco/listconews/sehk/2026/0612/2026061200031.pdf,301,Net income attributable to owners,2025,RMB,thousands,157.4
6067,SENIOR MATERIAL,pe_ipo,115.5,Recalculated; input source confidence retained,derived:mktcap / latest FY NI,,derived:mktcap / latest FY NI,,,,85.3
1956,WENGE AI,ni_latest,-191.7355,Reviewed primary filing,https://www1.hkexnews.hk/listedco/listconews/sehk/2026/0617/2026061700025.pdf,310,Net income attributable to owners,2025,RMB,thousands,-172.8
1688,LINGYI ITECH,ni_latest,2516.4964,Reviewed primary filing,https://www1.hkexnews.hk/listedco/listconews/sehk/2026/0617/2026061700029.pdf,313,Net income attributable to owners,2025,RMB,thousands,2559.5
1688,LINGYI ITECH,pe_ipo,32.8,Recalculated; input source confidence retained,derived:mktcap / latest FY NI,,derived:mktcap / latest FY NI,,,,32.3
3952,LAIFUAL,ni_latest,-187.6699,Reviewed primary filing,https://www1.hkexnews.hk/listedco/listconews/sehk/2026/0622/2026062200047.pdf,13,Consolidated net income,2025,RMB,thousands,-185.7
6715,XUNLONG SCITECH,ni_latest,401.5319,Reviewed primary filing,https://www1.hkexnews.hk/listedco/listconews/sehk/2026/0622/2026062200025.pdf,203,Consolidated net income,2025,RMB,thousands,399.7
2667,TONGRENTANGCARE,ni_latest,30.2247,Reviewed primary filing,https://www1.hkexnews.hk/listedco/listconews/sehk/2026/0626/2026062600021.pdf,17,Net income attributable to owners,2025,RMB,thousands,37.1
2667,TONGRENTANGCARE,pe_ipo,74.7,Recalculated; input source confidence retained,derived:mktcap / latest FY NI,,derived:mktcap / latest FY NI,,,,60.9
9971,BASICSEMI,ni_latest,-368.7387,Reviewed primary filing,https://www1.hkexnews.hk/listedco/listconews/sehk/2026/0629/2026062900049.pdf,306,Net income attributable to owners,2025,RMB,thousands,-260.8
1770,DKE,ps_ipo,2.1,Recalculated; input source confidence retained,derived:mktcap / latest FY revenue,,derived:mktcap / latest FY revenue,,,,7.0
1770,DKE,rev_latest,1884.2791,Reviewed primary filing,https://www1.hkexnews.hk/listedco/listconews/sehk/2026/0629/2026062900101.pdf,19,Revenue,2025,RMB,thousands,571.6
2475,LUXSHARE ICT,ni_latest,18259.747,Reviewed primary filing,https://www1.hkexnews.hk/listedco/listconews/sehk/2026/0630/2026063000097.pdf,223,Net income attributable to owners,2025,RMB,thousands,19987.3
2475,LUXSHARE ICT,pe_ipo,26.7,Recalculated; input source confidence retained,derived:mktcap / latest FY NI,,derived:mktcap / latest FY NI,,,,24.4
6745,BEFAR GROUP,ni_latest,259.0412,Reviewed primary filing,https://www1.hkexnews.hk/listedco/listconews/sehk/2026/0630/2026063000101.pdf,17,Consolidated net income,2025,RMB,thousands,918.8
6745,BEFAR GROUP,pe_ipo,33.2,Recalculated; input source confidence retained,derived:mktcap / latest FY NI,,derived:mktcap / latest FY NI,,,,9.4
2249,NEXCHIP,ni_latest,774.6244,Reviewed primary filing,https://www1.hkexnews.hk/listedco/listconews/sehk/2026/0630/2026063000123.pdf,19,Net income attributable to owners,2025,RMB,thousands,513.1
2249,NEXCHIP,pe_ipo,93.2,Recalculated; input source confidence retained,derived:mktcap / latest FY NI,,derived:mktcap / latest FY NI,,,,140.7
3308,ZJ INNOLIGHT,ni_latest,11876.9794,Reviewed primary filing,https://www1.hkexnews.hk/listedco/listconews/sehk/2026/0722/2026072200013.pdf,340,Net income attributable to owners,2025,RMB,thousands,12737.7
3308,ZJ INNOLIGHT,pe_ipo,128.9,Recalculated; input source confidence retained,derived:mktcap / latest FY NI,,derived:mktcap / latest FY NI,,,,120.2
3223,INGENIC,ni_latest,412.8641,Reviewed primary filing,https://www1.hkexnews.hk/listedco/listconews/sehk/2026/0817/2026081700003.pdf,15,Consolidated net income,2025,RMB,thousands,414.0
3223,INGENIC,pe_ipo,124.7,Recalculated; input source confidence retained,derived:mktcap / latest FY NI,,derived:mktcap / latest FY NI,,,,124.4
2041,MEDCAPTAIN,ni_latest,53.7746,Reviewed primary filing,https://www1.hkexnews.hk/listedco/listconews/sehk/2026/0828/2026082800009.pdf,14,Net income attributable to owners,2025,RMB,thousands,55.8
2041,MEDCAPTAIN,pe_ipo,154.5,Recalculated; input source confidence retained,derived:mktcap / latest FY NI,,derived:mktcap / latest FY NI,,,,148.8
9856,LIGENT,ni_latest,963.4559,Reviewed primary filing,https://www1.hkexnews.hk/listedco/listconews/sehk/2026/0914/2026091400007.pdf,328,Net income attributable to owners,2025,RMB,thousands,959.9
3228,KINWONG,cornerstone_pct,47.69,Reviewed primary filing,https://www1.hkexnews.hk/listedco/listconews/sehk/2026/0928/2026092801965.pdf,7,"Printed total 34,788,400 cornerstone shares / 47.69%; Note 2 equates H shares to base Offer Shares. Group totals counted once.",,,,47.4
3228,KINWONG,eff_free_float_hkdm,2666.4,Recalculated; input source confidence retained,derived: deal size x (1 - cornerstone%),,derived: deal size x (1 - cornerstone%),,,,2681.18
3228,KINWONG,eff_free_float_shares,38157163,Recalculated; input source confidence retained,derived: offer shares x (1 - cornerstone%),,derived: offer shares x (1 - cornerstone%),,,,38368702
6731,DIRECT DRIVE,oversub_intl_mult,2.72,Reviewed primary filing,https://www1.hkexnews.hk/listedco/listconews/sehk/2026/0928/2026092802011.pdf,5,tranche table,,,times,208.56
6802,CAMSENSE,oversub_public_mult,3546.91,Reviewed primary filing,https://www1.hkexnews.hk/listedco/listconews/sehk/2026/0929/2026092901927.pdf,4,tranche table,,,times,5.53
6802,CAMSENSE,pe_ipo,2077.4,Recalculated; input source confidence retained,derived:mktcap / latest FY NI,,derived:mktcap / latest FY NI,,,,2095.6
