List of Designated Securities Eligible for Short Selling,
Effective date : 11/09/2026,
Note : Delisted securities excluded,

No.,Stock Code,Stock Short Name,Currency,Type,Exempt from Tick Rule,Remarks
1,1,CKH HOLDINGS,HKD,EQTY,,,
2,2,CLP HOLDINGS,HKD,EQTY,,,
3,3,HK & CHINA GAS,HKD,EQTY,,,
4,4,WHARF HOLDINGS,HKD,EQTY,,,
5,5,HSBC HOLDINGS,HKD,EQTY,,,
6,6,POWER ASSETS,HKD,EQTY,,,
7,8,PCCW,HKD,EQTY,,,
8,10,HANG LUNG GROUP,HKD,EQTY,,,
9,12,HENDERSON LAND,HKD,EQTY,,,
10,13,HUTCHMED,HKD,EQTY,,,
11,14,HYSAN DEV,HKD,EQTY,,,
12,16,SHK PPT,HKD,EQTY,,,
13,17,NEW WORLD DEV,HKD,EQTY,,,
14,19,SWIRE PACIFIC A,HKD,EQTY,,,
15,20,SENSETIME-W,HKD,EQTY,,,
16,23,BANK OF E ASIA,HKD,EQTY,,,
17,27,GALAXY ENT,HKD,EQTY,,,
18,28,TIAN AN,HKD,EQTY,,,
19,29,DYNAMIC HOLD,HKD,EQTY,,,
20,30,YNBY INTL,HKD,EQTY,,,
21,34,KOWLOON DEV,HKD,EQTY,,,
22,38,FIRST TRACTOR,HKD,EQTY,,,
23,41,GREAT EAGLE H,HKD,EQTY,,,
24,45,HK&S HOTELS,HKD,EQTY,,,
25,50,HK FERRY (HOLD),HKD,EQTY,,,
26,53,GUOCO GROUP,HKD,EQTY,,,
27,62,TRANSPORT INT'L,HKD,EQTY,,,
28,64,GET NICE,HKD,EQTY,,,
29,66,MTR CORPORATION,HKD,EQTY,,,
30,68,MANYCORE TECH,HKD,EQTY,,Add,
31,69,SHANGRI-LA ASIA,HKD,EQTY,,,
32,71,MIRAMAR HOTEL,HKD,EQTY,,,
33,81,CH OVS G OCEANS,HKD,EQTY,,,
34,83,SINO LAND,HKD,EQTY,,,
35,86,SUN HUNG KAI CO,HKD,EQTY,,,
36,87,SWIRE PACIFIC B,HKD,EQTY,,,
37,88,TAI CHEUNG HOLD,HKD,EQTY,,,
38,100,MINIMAX-W,HKD,EQTY,,,
39,101,HANG LUNG PPT,HKD,EQTY,,,
40,107,SICHUAN EXPRESS,HKD,EQTY,,,
41,108,SR MEDICAL,HKD,EQTY,,,
42,116,CHOW SANG SANG,HKD,EQTY,,,
43,119,POLY PROPERTY,HKD,EQTY,,,
44,123,YUEXIU PROPERTY,HKD,EQTY,,,
45,133,CHINA MERCHANTS,HKD,EQTY,,,
46,135,KUNLUN ENERGY,HKD,EQTY,,,
47,136,CHINA RUYI,HKD,EQTY,,,
48,142,FIRST PACIFIC,HKD,EQTY,,,
49,144,CHINA MER PORT,HKD,EQTY,,,
50,148,KINGBOARD HLDG,HKD,EQTY,,,
51,151,WANT WANT CHINA,HKD,EQTY,,,
52,152,SHENZHEN INT'L,HKD,EQTY,,,
53,165,CHINA EB LTD,HKD,EQTY,,,
54,167,IDT INT'L,HKD,EQTY,,Add,
55,168,TSINGTAO BREW,HKD,EQTY,,,
56,173,K. WAH INT'L,HKD,EQTY,,,
57,175,GEELY AUTO,HKD,EQTY,,,
58,177,JIANGSU EXPRESS,HKD,EQTY,,,
59,178,SA SA INT'L,HKD,EQTY,,Add,
60,179,JOHNSON ELEC H,HKD,EQTY,,,
61,182,CONCORD NE,HKD,EQTY,,,
62,189,DONGYUE GROUP,HKD,EQTY,,,
63,200,MELCO INT'L DEV,HKD,EQTY,,,
64,215,HUTCHTEL HK,HKD,EQTY,,,
65,220,U-PRESID CHINA,HKD,EQTY,,,
66,241,ALI HEALTH,HKD,EQTY,,,
67,247,TST PROPERTIES,HKD,EQTY,,,
68,257,EB ENVIRONMENT,HKD,EQTY,,,
69,267,CITIC,HKD,EQTY,,,
70,268,KINGDEE INT'L,HKD,EQTY,,,
71,270,GUANGDONG INV,HKD,EQTY,,,
72,272,SHUI ON LAND,HKD,EQTY,,,
73,285,BYD ELECTRONIC,HKD,EQTY,,,
74,288,WH GROUP,HKD,EQTY,,,
75,289,WING ON CO,HKD,EQTY,,,
76,290,GOFINTECH QUANT,HKD,EQTY,,,
77,291,CHINA RES BEER,HKD,EQTY,,,
78,293,CATHAY PAC AIR,HKD,EQTY,,,
79,297,SINOFERT,HKD,EQTY,,,
80,300,MIDEA GROUP,HKD,EQTY,,,
81,303,VTECH HOLDINGS,HKD,EQTY,,,
82,308,CHINA TRAVEL HK,HKD,EQTY,,,
83,315,SMARTONE TELE,HKD,EQTY,,,
84,316,OOIL,HKD,EQTY,,,
85,317,COMEC,HKD,EQTY,,,
86,322,TINGYI,HKD,EQTY,,,
87,323,MAANSHAN IRON,HKD,EQTY,,,
88,325,BLOKS,HKD,EQTY,,,
89,326,CHINA STAR ENT,HKD,EQTY,,,
90,327,PAX GLOBAL,HKD,EQTY,,,
91,336,HUABAO INTL,HKD,EQTY,,,
92,338,SHANGHAI PECHEM,HKD,EQTY,,,
93,340,TONGGUAN GOLD,HKD,EQTY,,,
94,341,CAFE DE CORAL H,HKD,EQTY,,,
95,345,VITASOY INT'L,HKD,EQTY,,,
96,347,ANGANG STEEL,HKD,EQTY,,,
97,354,CHINASOFT INT'L,HKD,EQTY,,,
98,358,JIANGXI COPPER,HKD,EQTY,,,
99,363,SHANGHAI IND H,HKD,EQTY,,,
100,371,BJ ENT WATER,HKD,EQTY,,,
101,373,ALLIED GROUP,HKD,EQTY,,,
102,376,YUNFENG FIN,HKD,EQTY,,,
103,384,CHINA GAS HOLD,HKD,EQTY,,,
104,386,SINOPEC CORP,HKD,EQTY,,,
105,388,HKEX,HKD,EQTY,,,
106,390,CHINA RAILWAY,HKD,EQTY,,,
107,392,BEIJING ENT,HKD,EQTY,,,
108,400,INGDAN,HKD,EQTY,,,
109,405,YUEXIU REIT,HKD,TRST,,,
110,412,SDHG,HKD,EQTY,,,
111,425,MINTH GROUP,HKD,EQTY,,,
112,435,SUNLIGHT REIT,HKD,TRST,,,
113,440,DAH SING,HKD,EQTY,,,
114,451,DYNASTY DIGITAL,HKD,EQTY,,,
115,460,SIHUAN PHARM,HKD,EQTY,,,
116,467,UNITEDENERGY GP,HKD,EQTY,,,
117,470,WUXI LEAD,HKD,EQTY,,,
118,486,RUSAL,HKD,EQTY,,,
119,501,OMNIVISION,HKD,EQTY,,,
120,506,CHINA FOODS,HKD,EQTY,,,
121,512,GRAND PHARMA,HKD,EQTY,,,
122,517,COSCO SHIP INTL,HKD,EQTY,,,
123,521,CWT INT'L,HKD,EQTY,,,
124,522,ASMPT,HKD,EQTY,,,
125,525,GUANGSHEN RAIL,HKD,EQTY,,,
126,546,FUFENG GROUP,HKD,EQTY,,,
127,548,SHENZHENEXPRESS,HKD,EQTY,,,
128,551,YUE YUEN IND,HKD,EQTY,,,
129,552,CHINACOMSERVICE,HKD,EQTY,,,
130,564,ZCZL,HKD,EQTY,,,
131,565,ART GROUP HOLD,HKD,EQTY,,,
132,570,TRAD CHI MED,HKD,EQTY,,,
133,576,ZHEJIANGEXPRESS,HKD,EQTY,,,
134,579,JNCEC,HKD,EQTY,,,
135,580,SUN.KING TECH,HKD,EQTY,,,
136,581,CHINA ORIENTAL,HKD,EQTY,,,
137,586,CONCH VENTURE,HKD,EQTY,,,
138,590,LUK FOOK HOLD,HKD,EQTY,,,
139,598,SINOTRANS,HKD,EQTY,,,
140,604,SHENZHEN INVEST,HKD,EQTY,,,
141,622,OSHIDORI,HKD,EQTY,,,
142,625,SHEIN-W,HKD,EQTY,,,
143,631,SANY INT'L,HKD,EQTY,,,
144,636,KLN,HKD,EQTY,,,
145,639,SHOUGANG RES,HKD,EQTY,,,
146,656,FOSUN INTL,HKD,EQTY,,,
147,659,CTF SERVICES,HKD,EQTY,,,
148,662,ASIA FINANCIAL,HKD,EQTY,,,
149,666,REPT BATTERO,HKD,EQTY,,,
150,667,CHINA EAST EDU,HKD,EQTY,,,
151,669,TECHTRONIC IND,HKD,EQTY,,,
152,670,CHINA EAST AIR,HKD,EQTY,,,
153,683,KERRY PPT,HKD,EQTY,,,
154,688,CHINA OVERSEAS,HKD,EQTY,,,
155,694,BEIJING AIRPORT,HKD,EQTY,,,
156,696,TRAVELSKY TECH,HKD,EQTY,,,
157,697,SHOUCHENG,HKD,EQTY,,,
158,699,JOYSON ELEC,HKD,EQTY,,,
159,700,TENCENT,HKD,EQTY,,,
160,709,GIORDANO INT'L,HKD,EQTY,,,
161,710,BOE VARITRONIX,HKD,EQTY,,,
162,728,CHINA TELECOM,HKD,EQTY,,,
163,732,TRULY INT'L,HKD,EQTY,,,
164,751,SKYWORTH GROUP,HKD,EQTY,,,
165,752,PICO FAR EAST,HKD,EQTY,,,
166,753,AIR CHINA,HKD,EQTY,,,
167,762,CHINA UNICOM,HKD,EQTY,,,
168,763,ZTE,HKD,EQTY,,,
169,772,CHINA LIT,HKD,EQTY,,,
170,775,CKLIFE SCIENCES,HKD,EQTY,,,
171,777,NETDRAGON,HKD,EQTY,,,
172,778,FORTUNE REIT,HKD,TRST,,,
173,780,TONGCHENGTRAVEL,HKD,EQTY,,,
174,788,CHINA TOWER,HKD,EQTY,,,
175,799,IGG,HKD,EQTY,,,
176,800,WERIDE-W,HKD,EQTY,,,
177,806,VALUE PARTNERS,HKD,EQTY,,,
178,807,SIICENVIRONMENT,HKD,EQTY,,,
179,808,PROSPERITY REIT,HKD,TRST,,,
180,811,XINHUA WINSHARE,HKD,EQTY,,,
181,817,CHINA JINMAO,HKD,EQTY,,,
182,819,TIANNENG POWER,HKD,EQTY,,,
183,823,LINK REIT,HKD,TRST,,,
184,826,TIANGONG INT'L,HKD,EQTY,,,
185,836,CHINA RES POWER,HKD,EQTY,,,
186,839,CHINA EDU GROUP,HKD,EQTY,,,
187,853,MICROPORT,HKD,EQTY,,,
188,855,CHINA WATER,HKD,EQTY,,,
189,856,VSTECS,HKD,EQTY,,,
190,857,PETROCHINA,HKD,EQTY,,,
191,861,DC HOLDINGS,HKD,EQTY,,,
192,863,OSL GROUP,HKD,EQTY,,,
193,866,CHINA QINFA,HKD,EQTY,,,
194,867,CMS,HKD,EQTY,,,
195,868,XINYI GLASS,HKD,EQTY,,,
196,874,BAIYUNSHAN PH,HKD,EQTY,,,
197,880,SJM HOLDINGS,HKD,EQTY,,,
198,881,ZHONGSHENG HLDG,HKD,EQTY,,,
199,883,CNOOC,HKD,EQTY,,,
200,901,SDMC,HKD,EQTY,,Add,
201,902,HUANENG POWER,HKD,EQTY,,,
202,914,CONCH CEMENT,HKD,EQTY,,,
203,916,CHINA LONGYUAN,HKD,EQTY,,,
204,917,QUNABOX GROUP,HKD,EQTY,,,
205,921,HISENSE HA,HKD,EQTY,,,
206,931,CHINA HK POWER,HKD,EQTY,,,
207,934,SINOPEC KANTONS,HKD,EQTY,,,
208,939,CCB,HKD,EQTY,,,
209,941,CHINA MOBILE,HKD,EQTY,,,
210,945,MANULIFE-S,HKD,EQTY,,,
211,956,CHINA SUNTIEN,HKD,EQTY,,,
212,960,LONGFOR GROUP,HKD,EQTY,,,
213,966,CHINA TAIPING,HKD,EQTY,,,
214,968,XINYI SOLAR,HKD,EQTY,,,
215,975,MONGOL MINING,HKD,EQTY,,,
216,981,SMIC,HKD,EQTY,,,
217,990,DEEP SOURCE,HKD,EQTY,,,
218,991,DATANG POWER,HKD,EQTY,,,
219,992,LENOVO GROUP,HKD,EQTY,,,
220,995,ANHUIEXPRESSWAY,HKD,EQTY,,,
221,998,CITIC BANK,HKD,EQTY,,,
222,999,XIAOCAIYUAN,HKD,EQTY,,,
223,1009,INT'L ENT,HKD,EQTY,,Add,
224,1021,HUAYAN ROBOTICS,HKD,EQTY,,Add,
225,1024,KUAISHOU-W,HKD,EQTY,,,
226,1028,C.BANNER,HKD,EQTY,,,
227,1030,SEAZEN,HKD,EQTY,,,
228,1033,SINOPEC SSC,HKD,EQTY,,,
229,1038,CKI HOLDINGS,HKD,EQTY,,,
230,1044,HENGAN INT'L,HKD,EQTY,,,
231,1050,KARRIE INT'L,HKD,EQTY,,,
232,1051,G-RESOURCES,HKD,EQTY,,,
233,1052,YUEXIUTRANSPORT,HKD,EQTY,,,
234,1055,CHINA SOUTH AIR,HKD,EQTY,,,
235,1060,DAMAI ENT,HKD,EQTY,,,
236,1066,WEIGAO GROUP,HKD,EQTY,,,
237,1070,TCL ELECTRONICS,HKD,EQTY,,,
238,1071,HUADIAN POWER,HKD,EQTY,,,
239,1072,DONGFANG ELEC,HKD,EQTY,,,
240,1083,TG SMART ENERGY,HKD,EQTY,,,
241,1088,CHINA SHENHUA,HKD,EQTY,,,
242,1093,CSPC PHARMA,HKD,EQTY,,,
243,1099,SINOPHARM,HKD,EQTY,,,
244,1104,APAC RESOURCES,HKD,EQTY,,,
245,1109,CHINA RES LAND,HKD,EQTY,,,
246,1112,H&H INTL HLDG,HKD,EQTY,,,
247,1113,CK ASSET,HKD,EQTY,,,
248,1114,BRILLIANCE CHI,HKD,EQTY,,,
249,1115,5100 XIZANG,HKD,EQTY,,,
250,1117,CH MODERN D,HKD,EQTY,,,
251,1126,DREAM INT'L,HKD,EQTY,,,
252,1128,WYNN MACAU,HKD,EQTY,,,
253,1133,HARBIN ELECTRIC,HKD,EQTY,,,
254,1138,COSCO SHIP ENGY,HKD,EQTY,,,
255,1157,ZOOMLION,HKD,EQTY,,,
256,1164,CGN MINING,HKD,EQTY,,,
257,1167,JACOBIO-B,HKD,EQTY,,,
258,1171,YANKUANG ENERGY,HKD,EQTY,,,
259,1177,SBP GROUP,HKD,EQTY,,,
260,1179,HWORLD-S,HKD,EQTY,,,
261,1186,CHINA RAIL CONS,HKD,EQTY,,,
262,1193,CHINA RES GAS,HKD,EQTY,,,
263,1196,REALORD TECH,HKD,EQTY,,,
264,1199,COSCO SHIP PORT,HKD,EQTY,,,
265,1205,CITIC RESOURCES,HKD,EQTY,,Add,
266,1208,MMG,HKD,EQTY,,,
267,1209,CHINA RES MIXC,HKD,EQTY,,,
268,1211,BYD COMPANY,HKD,EQTY,,,
269,1216,ZYBANK,HKD,EQTY,,,
270,1221,SINO HOTELS,HKD,EQTY,,,
271,1223,SYMPHONY HOLD,HKD,EQTY,,,
272,1234,CHINA LILANG,HKD,EQTY,,,
273,1258,CHINFMINING,HKD,EQTY,,,
274,1276,HENGRUI PHARMA,HKD,EQTY,,,
275,1277,KINETIC DEV,HKD,EQTY,,,
276,1286,IMPRO PRECISION,HKD,EQTY,,,
277,1288,ABC,HKD,EQTY,,,
278,1299,AIA,HKD,EQTY,,,
279,1302,LIFETECH SCI,HKD,EQTY,,,
280,1304,FORTIOR,HKD,EQTY,,,
281,1308,SITC,HKD,EQTY,,,
282,1310,HKBN,HKD,EQTY,,,
283,1313,CR BLDG MAT TEC,HKD,EQTY,,,
284,1316,NEXTEER,HKD,EQTY,,,
285,1318,MAO GEPING,HKD,EQTY,,,
286,1330,DYNAGREEN ENV,HKD,EQTY,,,
287,1333,BRETON,HKD,EQTY,,,
288,1336,NCI,HKD,EQTY,,,
289,1339,PICC GROUP,HKD,EQTY,,,
290,1347,HUA HONG GRACE,HKD,EQTY,,,
291,1357,MEITU,HKD,EQTY,,,
292,1359,CHINA CINDA,HKD,EQTY,,,
293,1361,361 DEGREES,HKD,EQTY,,,
294,1364,GUMING,HKD,EQTY,,,
295,1368,XTEP INT'L,HKD,EQTY,,,
296,1375,CC SECURITIES,HKD,EQTY,,,
297,1378,CHINAHONGQIAO,HKD,EQTY,,,
298,1384,DEEPEXI TECH,HKD,EQTY,,,
299,1385,SHANGHAI FUDAN,HKD,EQTY,,,
300,1396,GBA AI COMP,HKD,EQTY,,,
301,1398,ICBC,HKD,EQTY,,,
302,1405,DPC DASH,HKD,EQTY,,,
303,1415,COWELL,HKD,EQTY,,,
304,1428,BRIGHT SMART,HKD,EQTY,,,
305,1432,CHINASHENGMU-PF,HKD,EQTY,,,
306,1440,STAR SHINE HLDG,HKD,EQTY,,,
307,1448,FU SHOU YUAN,HKD,EQTY,,,
308,1456,GLMS SEC,HKD,EQTY,,,
309,1475,NISSIN FOODS,HKD,EQTY,,,
310,1477,OCUMENSION-B,HKD,EQTY,,,
311,1478,Q TECH,HKD,EQTY,,,
312,1501,INT MEDICAL,HKD,EQTY,,,
313,1508,CHINA RE,HKD,EQTY,,,
314,1513,LIVZON PHARMA,HKD,EQTY,,,
315,1515,CR MEDICAL,HKD,EQTY,,,
316,1519,J&T EXPRESS-W,HKD,EQTY,,,
317,1523,PLOVER BAY TECH,HKD,EQTY,,,
318,1530,3SBIO,HKD,EQTY,,,
319,1548,GENSCRIPT BIO,HKD,EQTY,,,
320,1551,GRCB,HKD,EQTY,,,
321,1578,BANK OF TIANJIN,HKD,EQTY,,,
322,1579,YIHAI INTL,HKD,EQTY,,,
323,1585,YADEA,HKD,EQTY,,,
324,1606,CDB LEASING,HKD,EQTY,,,
325,1610,COFCO JOYCOME,HKD,EQTY,,,
326,1618,MCC,HKD,EQTY,,,
327,1635,DZUG,HKD,EQTY,,,
328,1651,TSUGAMI CHINA,HKD,EQTY,,,
329,1658,PSBC,HKD,EQTY,,,
330,1666,TONG REN TANG,HKD,EQTY,,,
331,1672,ASCLETIS-B,HKD,EQTY,,,
332,1675,ASIAINFO TECH,HKD,EQTY,,,
333,1681,CONSUN PHARMA,HKD,EQTY,,,
334,1686,SUNEVISION,HKD,EQTY,,,
335,1688,LINGYI ITECH,HKD,EQTY,,Add,
336,1691,JS GLOBAL LIFE,HKD,EQTY,,,
337,1698,TME-SW,HKD,EQTY,,,
338,1709,DL HOLDINGS GP,HKD,EQTY,,,
339,1729,TIME INTERCON,HKD,EQTY,,,
340,1735,CENTRAL NEW EGY,HKD,EQTY,,,
341,1757,GLOBAL CHI BC,HKD,EQTY,,Add,
342,1762,WANKA ONLINE,HKD,EQTY,,,
343,1766,CRRC,HKD,EQTY,,,
344,1768,BUSYMING,HKD,EQTY,,,
345,1772,GANFENGLITHIUM,HKD,EQTY,,,
346,1773,TIANLI INT HLDG,HKD,EQTY,,,
347,1776,GF SEC,HKD,EQTY,,,
348,1783,ENVISION GREEN,HKD,EQTY,,,
349,1787,SD GOLD,HKD,EQTY,,,
350,1788,GUOTAI JUNAN I,HKD,EQTY,,,
351,1789,AK MEDICAL,HKD,EQTY,,,
352,1797,EAST BUY,HKD,EQTY,,,
353,1798,DATANG RENEW,HKD,EQTY,,,
354,1799,XINTE ENERGY,HKD,EQTY,,,
355,1800,CHINA COMM CONS,HKD,EQTY,,,
356,1801,INNOVENT BIO,HKD,EQTY,,,
357,1810,XIAOMI-W,HKD,EQTY,,,
358,1811,CGN NEW ENERGY,HKD,EQTY,,,
359,1816,CGN POWER,HKD,EQTY,,,
360,1818,ZHAOJIN MINING,HKD,EQTY,,,
361,1828,FWD,HKD,EQTY,,,
362,1833,PA GOODDOCTOR,HKD,EQTY,,,
363,1836,STELLA HOLDINGS,HKD,EQTY,,,
364,1848,CALC,HKD,EQTY,,,
365,1857,CEB WATER,HKD,EQTY,,,
366,1866,CHINA XLX FERT,HKD,EQTY,,,
367,1872,GUAN CHAO HLDGS,HKD,EQTY,,,
368,1873,VIVA BIOTECH,HKD,EQTY,,,
369,1875,BIODLINK-B,HKD,EQTY,,Add,
370,1876,BUD APAC,HKD,EQTY,,,
371,1877,JUNSHI BIO,HKD,EQTY,,,
372,1879,XIZHI TECH-P,HKD,EQTY,,,
373,1880,CTG DUTY-FREE,HKD,EQTY,,,
374,1882,HAITIAN INT'L,HKD,EQTY,,,
375,1883,CITIC TELECOM,HKD,EQTY,,,
376,1888,KB LAMINATES,HKD,EQTY,,,
377,1896,MAOYAN ENT,HKD,EQTY,,,
378,1898,CHINA COAL,HKD,EQTY,,,
379,1907,CHINA RISUN GP,HKD,EQTY,,,
380,1908,C&D INTL GROUP,HKD,EQTY,,,
381,1910,SAMSONITE,HKD,EQTY,,,
382,1913,PRADA,HKD,EQTY,,,
383,1918,SUNAC,HKD,EQTY,,,
384,1919,COSCO SHIP HOLD,HKD,EQTY,,,
385,1921,DALIPAL HLDG,HKD,EQTY,,,
386,1928,SANDS CHINA LTD,HKD,EQTY,,,
387,1929,CHOW TAI FOOK,HKD,EQTY,,,
388,1948,UJU HOLDING,HKD,EQTY,,,
389,1951,JXR,HKD,EQTY,,,
390,1952,EVEREST MED,HKD,EQTY,,,
391,1956,WENGE AI,HKD,EQTY,,Add,
392,1958,BAIC MOTOR,HKD,EQTY,,,
393,1959,ZHONG JU INVEST,HKD,EQTY,,,
394,1963,BCQ,HKD,EQTY,,,
395,1972,SWIREPROPERTIES,HKD,EQTY,,,
396,1988,MINSHENG BANK,HKD,EQTY,,,
397,1989,DELTON,HKD,EQTY,,,
398,1995,ES SERVICES,HKD,EQTY,,,
399,1997,WHARF REIC,HKD,EQTY,,,
400,1999,MAN WAH HLDGS,HKD,EQTY,,,
401,2005,SSY GROUP,HKD,EQTY,,,
402,2007,COUNTRY GARDEN,HKD,EQTY,,,
403,2009,BBMG,HKD,EQTY,,,
404,2013,WEIMOB INC,HKD,EQTY,,,
405,2015,LI AUTO-W,HKD,EQTY,,,
406,2016,CZBANK,HKD,EQTY,,,
407,2018,AAC TECH,HKD,EQTY,,,
408,2020,ANTA SPORTS,HKD,EQTY,,,
409,2025,RUIFENG POWER,HKD,EQTY,,,
410,2026,PONY-W,HKD,EQTY,,,
411,2038,FIH,HKD,EQTY,,,
412,2039,CIMC,HKD,EQTY,,,
413,2050,SANHUA,HKD,EQTY,,,
414,2057,ZTO EXPRESS-W,HKD,EQTY,,,
415,2076,BOSS ZHIPIN-W,HKD,EQTY,,,
416,2096,SIMCERE PHARMA,HKD,EQTY,,,
417,2097,MIXUE GROUP,HKD,EQTY,,,
418,2099,CHINAGOLDINTL,HKD,EQTY,,,
419,2105,LAEKNA-B,HKD,EQTY,,,
420,2128,CHINA LESSO,HKD,EQTY,,,
421,2142,HBM HOLDINGS-B,HKD,EQTY,,,
422,2145,CHICMAX,HKD,EQTY,,,
423,2155,MORIMATSU INTL,HKD,EQTY,,,
424,2156,C&D PROPERTY,HKD,EQTY,,,
425,2157,LEPU BIO,HKD,EQTY,,,
426,2158,YIDU TECH,HKD,EQTY,,,
427,2160,MP CARDIOFLOW-B,HKD,EQTY,,,
428,2162,KEYMED BIO-B,HKD,EQTY,,,
429,2171,CARSGEN-B,HKD,EQTY,,,
430,2172,MICROPORT NEURO,HKD,EQTY,,,
431,2179,RECBIO-B,HKD,EQTY,,Add,
432,2186,LUYE PHARMA,HKD,EQTY,,,
433,2190,ZYLOXTB,HKD,EQTY,,,
434,2191,SF REIT,HKD,TRST,,,
435,2192,MEDLIVE,HKD,EQTY,,,
436,2196,FOSUN PHARMA,HKD,EQTY,,,
437,2198,CHINA SANJIANG,HKD,EQTY,,,
438,2202,CHINA VANKE,HKD,EQTY,,,
439,2208,GOLDWIND,HKD,EQTY,,,
440,2225,JINHAI MED TECH,HKD,EQTY,,,
441,2228,XTALPI,HKD,EQTY,,,
442,2232,CRYSTAL INTL,HKD,EQTY,,,
443,2233,WESTCHINACEMENT,HKD,EQTY,,,
444,2238,GAC GROUP,HKD,EQTY,,,
445,2245,LYGEND RESOURCE,HKD,EQTY,,,
446,2252,MEDBOT-B,HKD,EQTY,,,
447,2255,HAICHANG HLDG,HKD,EQTY,,,
448,2256,ABBISKO-B,HKD,EQTY,,,
449,2259,ZIJIN GOLD INTL,HKD,EQTY,,,
450,2268,WUXI XDC,HKD,EQTY,,,
451,2269,WUXI BIO,HKD,EQTY,,,
452,2273,GUSHENGTANG,HKD,EQTY,,,
453,2276,CONANT OPTICAL,HKD,EQTY,,,
454,2282,MGM CHINA,HKD,EQTY,,,
455,2285,CHERVON,HKD,EQTY,,,
456,2291,SCIENTECH,HKD,EQTY,,,
457,2299,BILLION IND,HKD,EQTY,,,
458,2313,SHENZHOU INTL,HKD,EQTY,,,
459,2314,LEE & MAN PAPER,HKD,EQTY,,,
460,2315,BIOCYTOGEN-B,HKD,EQTY,,,
461,2318,PING AN,HKD,EQTY,,,
462,2319,MENGNIU DAIRY,HKD,EQTY,,,
463,2328,PICC P&C,HKD,EQTY,,,
464,2331,LI NING,HKD,EQTY,,,
465,2333,GWMOTOR,HKD,EQTY,,,
466,2338,WEICHAI POWER,HKD,EQTY,,,
467,2342,COMBA,HKD,EQTY,,,
468,2343,PACIFIC BASIN,HKD,EQTY,,,
469,2356,DAHSING BANKING,HKD,EQTY,,,
470,2357,AVICHINA,HKD,EQTY,,,
471,2359,WUXI APPTEC,HKD,EQTY,,,
472,2367,GIANT BIOGENE,HKD,EQTY,,,
473,2373,BEAUTYFARM MED,HKD,EQTY,,,
474,2378,PRU,HKD,EQTY,,,
475,2380,CHINA POWER,HKD,EQTY,,,
476,2382,SUNNY OPTICAL,HKD,EQTY,,,
477,2386,SINOPEC SEG,HKD,EQTY,,,
478,2388,BOC HONG KONG,HKD,EQTY,,,
479,2391,TUYA-W,HKD,EQTY,,,
480,2400,XD INC,HKD,EQTY,,,
481,2411,PAGODA GP,HKD,EQTY,,,
482,2419,DEKON AGR,HKD,EQTY,,,
483,2423,BEKE-W,HKD,EQTY,,,
484,2429,UBOX ONLINE,HKD,EQTY,,,
485,2432,DOBOT,HKD,EQTY,,,
486,2451,LUYUAN GP HLDG,HKD,EQTY,,,
487,2460,CR BEVERAGE,HKD,EQTY,,,
488,2465,LOPAL TECH,HKD,EQTY,,Add,
489,2475,LUXSHARE ICT,HKD,EQTY,,,
490,2476,VGT,HKD,EQTY,,,
491,2488,LAUNCH TECH,HKD,EQTY,,,
492,2489,PERSISTENCEGOLD,HKD,EQTY,,,
493,2490,LC HOLDING,HKD,EQTY,,,
494,2498,ROBOSENSE,HKD,EQTY,,,
495,2506,XUNFEIHEALTH,HKD,EQTY,,,
496,2507,CIRRUS,HKD,EQTY,,,
497,2509,QYUNS-B,HKD,EQTY,,,
498,2510,TS LINES,HKD,EQTY,,,
499,2513,Z.AI,HKD,EQTY,,,
500,2517,GUOQUAN,HKD,EQTY,,,
501,2518,AUTOHOME-S,HKD,EQTY,,,
502,2525,HESAI-W,HKD,EQTY,,,
503,2526,DIAGENS-B,HKD,EQTY,,Add,
504,2533,BLACK SESAME,HKD,EQTY,,,
505,2552,HUA MEDICINE-B,HKD,EQTY,,,
506,2555,CHABAIDAO,HKD,EQTY,,,
507,2556,MARKETINGFORCE,HKD,EQTY,,,
508,2561,VISEN PHARMA-B,HKD,EQTY,,,
509,2565,PEGBIO CO-B,HKD,EQTY,,,
510,2570,REFIRE,HKD,EQTY,,Add,
511,2575,XUANZHUBIO-B,HKD,EQTY,,,
512,2577,INNOSCIENCE,HKD,EQTY,,,
513,2579,CNGR,HKD,EQTY,,,
514,2580,AUX ELECTRIC,HKD,EQTY,,,
515,2583,HIPINE,HKD,EQTY,,,
516,2585,MOKINGRAN,HKD,EQTY,,,
517,2586,DMALL,HKD,EQTY,,Add,
518,2588,BOC AVIATION,HKD,EQTY,,,
519,2589,AUNTEA JENNY,HKD,EQTY,,,
520,2590,GEEKPLUS-W,HKD,EQTY,,,
521,2591,INNOGEN-B,HKD,EQTY,,,
522,2595,GENFLEET-B,HKD,EQTY,,,
523,2596,YIBIN BANK,HKD,EQTY,,,
524,2600,CHALCO,HKD,EQTY,,,
525,2601,CPIC,HKD,EQTY,,,
526,2602,ONEWO,HKD,EQTY,,,
527,2607,SH PHARMA,HKD,EQTY,,,
528,2609,BAYZED HEALTH,HKD,EQTY,,,
529,2610,NANSHAN AL INTL,HKD,EQTY,,,
530,2611,GTHT,HKD,EQTY,,,
531,2616,CSTONE PHARMA-B,HKD,EQTY,,,
532,2617,TRANSTHERA-B,HKD,EQTY,,,
533,2618,JD LOGISTICS,HKD,EQTY,,,
534,2628,CHINA LIFE,HKD,EQTY,,,
535,2629,MIRXES-B,HKD,EQTY,,,
536,2630,VIGONVITA-B,HKD,EQTY,,,
537,2631,SICC,HKD,EQTY,,,
538,2632,NEW VISION CO,HKD,EQTY,,,
539,2635,NUOBIKAN,HKD,EQTY,,,
540,2637,HAIXI PHARMA,HKD,EQTY,,,
541,2638,HKELECTRIC-SS,HKD,EQTY,,,
542,2643,CAOCAO INC,HKD,EQTY,,,
543,2648,ANJOY FOOD,HKD,EQTY,,,
544,2650,ZHIDA TECH,HKD,EQTY,,Add,
545,2652,CF PHARMTECH,HKD,EQTY,,,
546,2655,GUOXIA TECH,HKD,EQTY,,,
547,2656,160 HEALTH,HKD,EQTY,,,
548,2658,TIANYU SEMI,HKD,EQTY,,,
549,2665,SEYOND,HKD,EQTY,,Add,
550,2666,UNI MEDICAL,HKD,EQTY,,,
551,2669,CHINA OVS PPT,HKD,EQTY,,,
552,2670,YUNJI,HKD,EQTY,,,
553,2675,EDGE MEDICAL-B,HKD,EQTY,,Add,
554,2676,NOVOSENSE,HKD,EQTY,,,
555,2678,TEXHONG INTL GP,HKD,EQTY,,,
556,2685,QUANTGROUP,HKD,EQTY,,,
557,2687,ABLE DIGITAL,HKD,EQTY,,,
558,2688,ENN ENERGY,HKD,EQTY,,,
559,2689,ND PAPER,HKD,EQTY,,,
560,2696,HENLIUS,HKD,EQTY,,,
561,2698,SOFTCARE,HKD,EQTY,,,
562,2706,HAIZHI TECH GP,HKD,EQTY,,Add,
563,2714,MUYUAN,HKD,EQTY,,,
564,2718,MININGLAMP-W,HKD,EQTY,,,
565,2722,CHONGQING M&E,HKD,EQTY,,,
566,2723,DEEPZERO,HKD,EQTY,,Add,
567,2726,EPIWORLD,HKD,EQTY,,Add,
568,2727,SH ELECTRIC,HKD,EQTY,,,
569,2729,GALAXIS TECH,HKD,EQTY,,,
570,2778,CHAMPION REIT,HKD,TRST,,,
571,2788,CHUANGXIN IND,HKD,EQTY,,,
572,2799,CITIC FAMC,HKD,EQTY,,,
573,2800,TRACKER FUND,HKD,TRST,YES,,
574,2801,ISHARES CHINA,HKD,TRST,YES,,
575,2802,A CSOP HSCEICC,HKD,TRST,,,
576,2803,PP BEDROCK,HKD,TRST,YES,,
577,2804,PREMIA VIET,HKD,TRST,YES,,
578,2805,CG BS CNASEAN,HKD,TRST,YES,,
579,2806,GX CN CONSUME,HKD,TRST,YES,,
580,2807,GX CN ROBO&AI,HKD,TRST,YES,,
581,2809,GX CN CLN EN,HKD,TRST,YES,,
582,2810,PREMIAEMASEAN,HKD,TRST,YES,,
583,2812,SAMSUNGCDGN,HKD,TRST,YES,,
584,2814,SAMSUNG FANG,HKD,TRST,YES,,
585,2815,GX CN LIL GIANT,HKD,TRST,YES,,
586,2817,PP CGBOND,HKD,TRST,YES,,
587,2818,PANDO BITCOIN,HKD,TRST,YES,,
588,2819,ABF HK IDX ETF,HKD,TRST,YES,,
589,2820,GX CN BIOTECH,HKD,TRST,YES,,
590,2821,ABF PAIF,USD,TRST,YES,,
591,2822,CSOP A50 ETF,HKD,TRST,YES,,
592,2823,ISHARES A50,HKD,TRST,YES,,
593,2824,EFUND GOLD MI,HKD,TRST,YES,,
594,2825,WISECSIHK100ETF,HKD,TRST,YES,,
595,2826,GX CN CLOUD,HKD,TRST,YES,,
596,2827,WISE CSI300 ETF,HKD,TRST,YES,,
597,2828,HSCEI ETF,HKD,TRST,YES,,
598,2829,ISHARESCGB,HKD,TRST,YES,,
599,2830,CSOP SAUDI,HKD,TRST,YES,,
600,2832,BOSERA STAR50,HKD,TRST,YES,,
601,2834,ISHARESND100,HKD,TRST,YES,,
602,2835,PHILLIP HKNEWEQ,HKD,TRST,YES,,
603,2836,ISHARES INDIA,HKD,TRST,YES,,
604,2837,GX HS TECH,HKD,TRST,YES,,
605,2838,HS FCI50 ETF,HKD,TRST,YES,,
606,2839,CAM MSCI A50,HKD,TRST,YES,,
607,2840,SPDR GOLD TRT,HKD,TRST,YES,,
608,2841,GX CN MEDTECH,HKD,TRST,YES,,
609,2843,AMUNDI A50,HKD,TRST,YES,,
610,2845,GX CN EV BATT,HKD,TRST,YES,,
611,2846,ISHARESCSI300,HKD,TRST,YES,,
612,2848,TRMSCIKOREA,HKD,TRST,YES,,
613,2858,YIXIN,HKD,EQTY,,,
614,2865,DRINDA,HKD,EQTY,,,
615,2866,COSCO SHIP DEV,HKD,EQTY,,,
616,2869,GREENTOWN SER,HKD,EQTY,,,
617,2877,SHINEWAY PHARM,HKD,EQTY,,,
618,2883,CHINA OILFIELD,HKD,EQTY,,,
619,2888,STANCHART,HKD,EQTY,,,
620,2889,PATEO,HKD,EQTY,,,
621,2899,ZIJIN MINING,HKD,EQTY,,,
622,3001,PP CNUSDPROP,HKD,TRST,YES,,
623,3002,A MBC BTCGOLD,HKD,TRST,YES,,
624,3003,CSOP MSCI A 50,HKD,TRST,YES,,
625,3004,CSOP VIETNAM30,HKD,TRST,YES,,
626,3005,X CSOPCSI500,HKD,TRST,YES,,
627,3006,A GX AI TECH,HKD,TRST,,,
628,3007,TR MSCI CHINA A,HKD,TRST,YES,,
629,3008,BOS HSK BTC,HKD,TRST,YES,,
630,3009,BOS HSK ETH,HKD,TRST,YES,,
631,3010,ISHARES AXJ,HKD,TRST,YES,,
632,3011,A CICC USD,HKD,TRST,YES,,
633,3012,AMUNDI HK35,HKD,TRST,YES,,
634,3015,X TRNIFTY50,HKD,TRST,YES,,
635,3020,X TRMSCIUSA,HKD,TRST,YES,,
636,3024,WISE SSE50ETF,HKD,TRST,YES,,
637,3029,GX HS ESG,HKD,TRST,YES,,
638,3030,CSOP GOLD,HKD,TRST,YES,,
639,3031,FG HS HIGHDIV,HKD,TRST,YES,,
640,3032,HSTECH ETF,HKD,TRST,YES,,
641,3033,CSOP HS TECH,HKD,TRST,YES,,
642,3034,CSOP NASDAQ100,HKD,TRST,YES,,
643,3036,TRMSCITAIWAN,HKD,TRST,YES,,
644,3037,CSOP HSI ETF,HKD,TRST,YES,,
645,3038,HS ALOWCARBON,HKD,TRST,YES,,
646,3039,EFUNDHSIESG,HKD,TRST,YES,,
647,3040,GX MSCI CHINA,HKD,TRST,YES,,
648,3041,GX CN PB BOND,HKD,TRST,YES,,
649,3042,CAM BTC,HKD,TRST,YES,,
650,3046,CAM ETH,HKD,TRST,YES,,
651,3047,F SSIFIRONORE,HKD,TRST,YES,,
652,3050,GX CN GL LEADER,HKD,TRST,YES,,
653,3053,A CSOP HKD MM,HKD,TRST,YES,,
654,3056,A PANDO INNO,HKD,TRST,,,
655,3059,GX AGREENBOND,HKD,TRST,YES,,
656,3064,GX APAC,HKD,TRST,YES,,
657,3066,FA CSOP BTC,HKD,TRST,YES,,
658,3067,ISHARESHSTECH,HKD,TRST,YES,,
659,3068,FA CSOP ETH,HKD,TRST,YES,,
660,3069,CAM HSBIOTECH,HKD,TRST,YES,,
661,3070,PING AN HKDIV,HKD,TRST,YES,,
662,3071,A CICC HKD,HKD,TRST,YES,,
663,3074,ISHARESMSCITW,HKD,TRST,YES,,
664,3075,GX ASUSD BOND,HKD,TRST,YES,,
665,3076,FB TW SEMICON,HKD,TRST,YES,,
666,3077,PREMIA UST,HKD,TRST,YES,,
667,3081,VALUEGOLD ETF,HKD,TRST,YES,,
668,3084,A GX INDIA,HKD,TRST,,,
669,3085,PANDO ETH,HKD,TRST,YES,,
670,3086,CAM NASDAQ100,HKD,TRST,YES,,
671,3087,X TRVIET,HKD,TRST,YES,,
672,3088,CAM HS TECH,HKD,TRST,YES,,
673,3096,A CSOP USD MM,HKD,TRST,YES,,
674,3097,F GX OIL,HKD,TRST,YES,,
675,3101,CSOP A500,HKD,TRST,YES,,
676,3102,ICBCU KS KWEB,HKD,TRST,YES,,
677,3104,A GX EM ASIA,HKD,TRST,,,
678,3108,HGI ESGLEADER,HKD,TRST,YES,,
679,3109,CSOP STAR 50,HKD,TRST,YES,,
680,3110,GX HS HIGHDIV,HKD,TRST,YES,,
681,3111,EFUNDMSCIA50,HKD,TRST,YES,,
682,3112,A PANDO BLKC,HKD,TRST,,,
683,3115,ISHARESHSI,HKD,TRST,YES,,
684,3116,GX AP HIGH DIV,HKD,TRST,YES,,
685,3118,HGI MSCI CN A,HKD,TRST,YES,,
686,3119,GX ASIA SEMICON,HKD,TRST,YES,,
687,3121,CSOP KOSPI,HKD,TRST,YES,,
688,3122,A CSOP RMB MM,HKD,TRST,YES,,
689,3128,HS AINDTOPETF,HKD,TRST,YES,,
690,3129,BOCGBACLIMATE,HKD,TRST,YES,,
691,3132,SAMSUNG SEMICON,HKD,TRST,YES,,
692,3133,CSOP CSI300,HKD,TRST,YES,,
693,3134,CSOP CSI PV,HKD,TRST,YES,,
694,3135,FA SAMSUNG BTC,HKD,TRST,YES,,
695,3136,HSI ESG ETF,HKD,TRST,YES,,
696,3137,A GX USD MM,HKD,TRST,YES,,
697,3139,A GX EV ROBOT,HKD,TRST,,,
698,3140,CAM HKUS AI,HKD,TRST,YES,,
699,3141,CAM ASIA IGB,HKD,TRST,YES,,
700,3145,CAM ASIA HIGHDV,HKD,TRST,YES,,
701,3146,CAM 20 UST,HKD,TRST,YES,,
702,3147,X CSOPCHINEXT,HKD,TRST,YES,,
703,3150,GX JP GL LEADER,HKD,TRST,YES,,
704,3151,PREMIA STAR50,HKD,TRST,YES,,
705,3152,A BOS HKD MM,HKD,TRST,YES,,
706,3153,CSOP NIKKEI225,HKD,TRST,YES,,
707,3156,BOS 20 UST,HKD,TRST,YES,,
708,3158,GX KPOP CULTURE,HKD,TRST,YES,,
709,3160,CAM JAPAN HDG,HKD,TRST,YES,,
710,3161,A CAM RMB MM,HKD,TRST,YES,,
711,3165,CAM EU QLTY HDG,HKD,TRST,YES,,
712,3167,ICBCCSOPCHINA,HKD,TRST,YES,,
713,3169,HGI G2 TECH 50,HKD,TRST,YES,,
714,3170,HS GOLD ETF,HKD,TRST,YES,,
715,3171,A SS BLOCKCHAIN,HKD,TRST,,,
716,3173,PP CN NEWECON,HKD,TRST,YES,,
717,3174,CSOP HSBIOTECH,HKD,TRST,YES,,
718,3175,F SAMSUNG OIL,HKD,TRST,YES,,
719,3176,A TK USD MM,HKD,TRST,YES,,
720,3179,HGI ETH,HKD,TRST,YES,,
721,3181,PREMIAASIATEC,HKD,TRST,YES,,
722,3182,WISE NEWECONESG,HKD,TRST,YES,,
723,3184,GX INDIA TOP 10,HKD,TRST,YES,,
724,3185,GX INNOVAFIN,HKD,TRST,YES,,
725,3186,EFUND BIOPHAR,HKD,TRST,YES,,
726,3187,SAMSUNG REITS,HKD,TRST,YES,,
727,3188,CAM CSI300,HKD,TRST,YES,,
728,3189,EFUND LIQUOR,HKD,TRST,YES,,
729,3190,FB SSH HIGH DIV,HKD,TRST,YES,,
730,3191,GX CN SEMICON,HKD,TRST,YES,,
731,3192,A BOS RMB MM,HKD,TRST,YES,,
732,3193,CSOP CSI 5G,HKD,TRST,YES,,
733,3195,HS S&P500,HKD,TRST,YES,,
734,3196,A BOS USD MM,HKD,TRST,YES,,
735,3199,ICBCCSOP CGPB,HKD,TRST,YES,,
736,3200,HANS CNC,HKD,EQTY,,,
737,3288,HAITIAN FLAV,HKD,EQTY,,,
738,3296,HUAQIN,HKD,EQTY,,Add,
739,3306,JNBY,HKD,EQTY,,,
740,3308,ZJ INNOLIGHT,HKD,EQTY,,,
741,3310,VIEWTRIX TECH,HKD,EQTY,,Add,
742,3311,CHINA STATE CON,HKD,EQTY,,,
743,3316,BINJIANG SER,HKD,EQTY,,,
744,3317,XUNCE,HKD,EQTY,,,
745,3319,A-LIVING,HKD,EQTY,,,
746,3320,CHINARES PHARMA,HKD,EQTY,,,
747,3323,CNBM,HKD,EQTY,,,
748,3328,BANKCOMM,HKD,EQTY,,,
749,3330,LINGBAO GOLD,HKD,EQTY,,,
750,3336,JU TENG INTL,HKD,EQTY,,,
751,3337,ANTON OILFIELD,HKD,EQTY,,,
752,3339,LONKING,HKD,EQTY,,,
753,3347,TIGERMED,HKD,EQTY,,,
754,3355,FS.COM,HKD,EQTY,,Add,
755,3360,FE HORIZON,HKD,EQTY,,,
756,3380,LOGAN GROUP,HKD,EQTY,,,
757,3393,WASION HOLDINGS,HKD,EQTY,,,
758,3396,LEGENDHOLDING,HKD,EQTY,,,
759,3401,GX AI INFRA,HKD,TRST,YES,,
760,3402,GX G2TECH,HKD,TRST,YES,,
761,3403,CAM HSI ESG,HKD,TRST,YES,,
762,3404,CAM MSCIINDIA,HKD,TRST,YES,,
763,3406,PA TECHSELECT,HKD,TRST,YES,,
764,3410,HS JAPAN TPX100,HKD,TRST,YES,,
765,3411,PP ASIA IGUSD,HKD,TRST,YES,,
766,3412,A DOO PAYMENTS,HKD,TRST,,,
767,3413,A DOO AI,HKD,TRST,,,
768,3415,A GXS&P500CC,HKD,TRST,,,
769,3416,A GX HSCEICC,HKD,TRST,,,
770,3417,A GX HSTCC,HKD,TRST,,,
771,3418,CAM DIGI GOLD,HKD,TRST,YES,,
772,3419,A GX HSICC,HKD,TRST,,,
773,3420,A VP RMB MM,HKD,TRST,YES,,
774,3421,A VP HKD MM,HKD,TRST,YES,,
775,3422,GX INNO TOP 10,HKD,TRST,YES,,
776,3423,CMS HS TECH,HKD,TRST,YES,,
777,3425,MBC ETH,HKD,TRST,YES,,
778,3426,A DOO WEB3,HKD,TRST,,,
779,3427,FB MULTIASSET,HKD,TRST,YES,,
780,3428,GX CL HK-US,HKD,TRST,YES,,
781,3430,MBC BTC,HKD,TRST,YES,,
782,3431,CSOP HKKRTECH,HKD,TRST,YES,,
783,3432,CSOP HKCNCON,HKD,TRST,YES,,
784,3433,CSOP UST20,HKD,TRST,YES,,
785,3434,EFUND DIGITAL,HKD,TRST,YES,,
786,3435,HSCMS 7-10Y UST,HKD,TRST,YES,,
787,3436,HSCMS 1-3Y UST,HKD,TRST,YES,,
788,3437,BOS CSOE HIDV,HKD,TRST,YES,,
789,3439,HGI BTC,HKD,TRST,YES,,
790,3440,GX 0-3M UST,HKD,TRST,YES,,
791,3441,CSOP EWSELECT,HKD,TRST,YES,,
792,3442,CSOP HKUSTECH,HKD,TRST,YES,,
793,3443,CSOP HK EQUITY,HKD,TRST,YES,,
794,3444,HS HK EQUITY,HKD,TRST,YES,,
795,3447,CSOP AP REITS,HKD,TRST,YES,,
796,3448,GX CHINA TECH,HKD,TRST,YES,,
797,3450,GX 3-5Y UST,HKD,TRST,YES,,
798,3451,A GXNASDAQCC,HKD,TRST,,,
799,3453,PREMIA TW50,HKD,TRST,YES,,
800,3454,CSOP MAG7,HKD,TRST,YES,,
801,3455,INVESCO QQQ,HKD,TRST,YES,,
802,3456,EFUND HKEX TECH,HKD,TRST,YES,,
803,3457,A TK HKD MM,HKD,TRST,YES,,
804,3460,CAM SOL,HKD,TRST,YES,,
805,3461,A CAM RMBTMMF,HKD,TRST,YES,,
806,3466,HS HIGH DIV,HKD,TRST,YES,,
807,3469,CSOP SCHIGHDIV,HKD,TRST,YES,,
808,3470,GX GREATERCHINA,HKD,TRST,YES,,
809,3471,A CAM HKDTMMF,HKD,TRST,YES,,
810,3472,A CAM USDTMMF,HKD,TRST,YES,,
811,3473,CSOP ASIA TECH,HKD,TRST,YES,,
812,3476,A HSJPUSINCOME,HKD,TRST,,,
813,3477,PA EW SELECT,HKD,TRST,YES,,
814,3478,PPKSA G SUKUK,HKD,TRST,YES,,
815,3480,A VP USD MM,HKD,TRST,YES,,
816,3483,EFUND APAC HD,HKD,TRST,YES,,
817,3486,EFUND A SEMICON,HKD,TRST,YES,,
818,3488,VP DIV LO VOL,HKD,TRST,YES,,
819,3489,EFUND AI,HKD,TRST,YES,,
820,3509,EFUND MPF CN A,HKD,TRST,YES,,
821,3519,A HSCEICC,HKD,TRST,,,
822,3533,XA GX GOLD CC,HKD,TRST,YES,,
823,3535,CSOP HKJPCF,HKD,TRST,YES,,
824,3537,A CSOP KOSPICC,HKD,TRST,,,
825,3555,AGX HSDIV ENH,HKD,TRST,,,
826,3579,EFUND MPF HK,HKD,TRST,YES,,
827,3589,A HSTECHCC,HKD,TRST,,,
828,3600,MODERN DENTAL,HKD,EQTY,,,
829,3606,FUYAO GLASS,HKD,EQTY,,,
830,3613,TONGRENTANGCM,HKD,EQTY,,,
831,3618,CQRC BANK,HKD,EQTY,,,
832,3633,ZHONGYU ENERGY,HKD,EQTY,,,
833,3660,QFIN-S,HKD,EQTY,,,
834,3668,YANCOAL AUS,HKD,EQTY,,,
835,3677,ZENERGY,HKD,EQTY,,,
836,3680,RUIHE DATA,HKD,EQTY,,Add,
837,3690,MEITUAN-W,HKD,EQTY,,,
838,3692,HANSOH PHARMA,HKD,EQTY,,,
839,3696,INSILICO,HKD,EQTY,,,
840,3698,HUISHANG BANK,HKD,EQTY,,,
841,3709,EEKA FASHION,HKD,EQTY,,,
842,3738,VOBILE GROUP,HKD,EQTY,,,
843,3750,CATL,HKD,EQTY,,,
844,3759,PHARMARON,HKD,EQTY,,,
845,3788,HANKING GOLD,HKD,EQTY,,,
846,3800,GCL TECH,HKD,EQTY,,,
847,3808,SINOTRUK,HKD,EQTY,,,
848,3858,JIAXIN INTL RES,HKD,EQTY,,,
849,3866,BQD,HKD,EQTY,,,
850,3868,XINYI ENERGY,HKD,EQTY,,,
851,3877,CSSC SHIPPING,HKD,EQTY,,,
852,3881,CIDI,HKD,EQTY,,Add,
853,3887,HASHKEY HLDGS,HKD,EQTY,,Add,
854,3888,KINGSOFT,HKD,EQTY,,,
855,3896,KINGSOFT CLOUD,HKD,EQTY,,,
856,3898,TIMES ELECTRIC,HKD,EQTY,,,
857,3899,CIMC ENRIC,HKD,EQTY,,,
858,3900,GREENTOWN CHINA,HKD,EQTY,,,
859,3908,CICC,HKD,EQTY,,,
860,3918,NAGACORP,HKD,EQTY,,,
861,3928,CHINA NEXT-GEN,HKD,EQTY,,,
862,3931,CALB,HKD,EQTY,,,
863,3933,UNITED LAB,HKD,EQTY,,,
864,3939,WANGUO GOLD GP,HKD,EQTY,,,
865,3958,DFZQ,HKD,EQTY,,,
866,3968,CM BANK,HKD,EQTY,,,
867,3969,CHINA CRSC,HKD,EQTY,,,
868,3978,BESTSTUDY EDU,HKD,EQTY,,,
869,3983,CHINA BLUECHEM,HKD,EQTY,,,
870,3986,GIGADEVICE,HKD,EQTY,,,
871,3988,BANK OF CHINA,HKD,EQTY,,,
872,3990,MIDEA REAL EST,HKD,EQTY,,,
873,3993,CMOC,HKD,EQTY,,,
874,3996,CH ENERGY ENG,HKD,EQTY,,,
875,3998,BOSIDENG,HKD,EQTY,,,
876,4332,AMGEN-T,HKD,EQTY,,,
877,4333,CISCO-T,HKD,EQTY,,,
878,4335,INTEL-T,HKD,EQTY,,,
879,4336,APPL MATERIAL-T,HKD,EQTY,,,
880,4337,STARBUCKS-T,HKD,EQTY,,,
881,4338,MICROSOFT-T,HKD,EQTY,,,
882,6030,CITIC SEC,HKD,EQTY,,,
883,6031,SANY HEAVY IND,HKD,EQTY,,,
884,6049,POLY PPT SER,HKD,EQTY,,,
885,6055,CTIHK,HKD,EQTY,,,
886,6060,ZA ONLINE,HKD,EQTY,,,
887,6066,CSC,HKD,EQTY,,,
888,6069,SY HOLDINGS,HKD,EQTY,,,
889,6078,HYGEIA HEALTH,HKD,EQTY,,,
890,6082,BIREN TECH,HKD,EQTY,,,
891,6088,FIT HON TENG,HKD,EQTY,,,
892,6098,CG SERVICES,HKD,EQTY,,,
893,6099,CMSC,HKD,EQTY,,,
894,6110,TOPSPORTS,HKD,EQTY,,,
895,6127,JOINN,HKD,EQTY,,,
896,6160,BEONE MEDICINES,HKD,EQTY,,,
897,6166,CIG,HKD,EQTY,,,
898,6168,ZHOU LIU FU,HKD,EQTY,,,
899,6178,EB SECURITIES,HKD,EQTY,,,
900,6181,LAOPU GOLD,HKD,EQTY,,,
901,6185,CANSINOBIO,HKD,EQTY,,,
902,6186,CHINA FEIHE,HKD,EQTY,,,
903,6196,BANKOFZHENGZHOU,HKD,EQTY,,,
904,6198,QINGDAO PORT,HKD,EQTY,,,
905,6199,BANK OF GUIZHOU,HKD,EQTY,,,
906,6600,ONEROBOTICS,HKD,EQTY,,,
907,6613,LENS,HKD,EQTY,,,
908,6616,GLOBAL NEW MAT,HKD,EQTY,,,
909,6618,JD HEALTH,HKD,EQTY,,,
910,6636,EXTREME VISION,HKD,EQTY,,Add,
911,6651,51WORLD,HKD,EQTY,,,
912,6655,HX BLDG MAT,HKD,EQTY,,,
913,6656,SIGENERGY,HKD,EQTY,,,
914,6658,LIULIUMEI,HKD,EQTY,,Add,
915,6669,ACOTEC-B,HKD,EQTY,,,
916,6680,JLMAG,HKD,EQTY,,,
917,6682,PHANCY,HKD,EQTY,,,
918,6683,STARPLUS LEGEND,HKD,EQTY,,,
919,6686,NOAH HOLDINGS,HKD,EQTY,,,
920,6687,JST GROUP,HKD,EQTY,,,
921,6690,HAIER SMARTHOME,HKD,EQTY,,,
922,6693,CHIFENG GOLD,HKD,EQTY,,,
923,6699,ANGELALIGN,HKD,EQTY,,,
924,6806,SWHY,HKD,EQTY,,,
925,6808,SUNART RETAIL,HKD,EQTY,,,
926,6809,MONTAGE TECH,HKD,EQTY,,,
927,6810,SUNMI TECH-W,HKD,EQTY,,Add,
928,6818,CEB BANK,HKD,EQTY,,,
929,6821,ASYMCHEM,HKD,EQTY,,,
930,6823,HKT-SS,HKD,EQTY,,,
931,6831,GREEN TEA GROUP,HKD,EQTY,,,
932,6855,ASCENTAGE,HKD,EQTY,,,
933,6862,HAIDILAO,HKD,EQTY,,,
934,6865,FLAT GLASS,HKD,EQTY,,,
935,6869,YOFC,HKD,EQTY,,,
936,6880,MOMENTA-W,HKD,EQTY,,,
937,6881,CGS,HKD,EQTY,,,
938,6886,HTSC,HKD,EQTY,,,
939,6887,SUNSHINE PHARMA,HKD,EQTY,,,
940,6936,SF HOLDING,HKD,EQTY,,,
941,6938,RIBOLIFE-B,HKD,EQTY,,Add,
942,6960,SHUANGDENG,HKD,EQTY,,Add,
943,6963,SUNSHINE INS,HKD,EQTY,,,
944,6969,SMOORE INTL,HKD,EQTY,,,
945,6979,ZJLD,HKD,EQTY,,,
946,6990,SKB BIO,HKD,EQTY,,,
947,6993,BLUE MOON GROUP,HKD,EQTY,,,
948,6996,ANTENGENE-B,HKD,EQTY,,,
949,6998,EDDING GENOR,HKD,EQTY,,,
950,7200,FL2 CSOP HSI,HKD,TRST,YES,,
951,7226,XL2CSOPHSTECH,HKD,TRST,YES,,
952,7233,XL2CSOPCSI300,HKD,TRST,YES,,
953,7234,XL2 BOS CHINEXT,HKD,TRST,YES,,
954,7261,FL2CAMNDQ100,HKD,TRST,YES,,
955,7262,FL2 CSOP NIKKEI,HKD,TRST,YES,,
956,7266,FL2CSOPNASDAQ,HKD,TRST,YES,,
957,7288,FL2 CSOP HSCEI,HKD,TRST,YES,,
958,7299,FL2CSOPGOLD,HKD,TRST,YES,,
959,7300,FI CSOP HSI,HKD,TRST,YES,,
960,7311,XI2CSOPCOIN,HKD,TRST,YES,,
961,7347,XI2CSOPSMSN,HKD,TRST,YES,,
962,7366,XI2CSOPTSLA,HKD,TRST,YES,,
963,7376,FI CSOP BTC,HKD,TRST,YES,,
964,7388,XI2CSOPNVDA,HKD,TRST,YES,,
965,7399,XI2CSOPMSTR,HKD,TRST,YES,,
966,7489,VOYAH AUTO,HKD,EQTY,,Add,
967,7500,FI2 CSOP HSI,HKD,TRST,YES,,
968,7515,FI2 CSOP NIKKEI,HKD,TRST,YES,,
969,7522,FI2CAMNDQ100,HKD,TRST,YES,,
970,7552,XI2CSOPHSTECH,HKD,TRST,YES,,
971,7568,FI2CSOPNASDAQ,HKD,TRST,YES,,
972,7588,FI2 CSOP HSCEI,HKD,TRST,YES,,
973,7618,JD INDUSTRIALS,HKD,EQTY,,,
974,7666,METIS TECHBIO-P,HKD,EQTY,,Add,
975,7709,XL2CSOPHYNIX,HKD,TRST,YES,,
976,7711,XL2CSOPCOIN,HKD,TRST,YES,,
977,7747,XL2CSOPSMSN,HKD,TRST,YES,,
978,7766,XL2CSOPTSLA,HKD,TRST,YES,,
979,7777,XL2CSOPBRKB,HKD,TRST,YES,,
980,7788,XL2CSOPNVDA,HKD,TRST,YES,,
981,7799,XL2CSOPMSTR,HKD,TRST,YES,,
982,8137,HONBRIDGE,HKD,EQTY,,,
983,8148,WUXI LIFE,HKD,EQTY,,Add,
984,8279,AGTECH HOLDINGS,HKD,EQTY,,,
985,8299,GT GOLD,HKD,EQTY,,,
986,9001,PP CNUSDPROP-U,USD,TRST,YES,,
987,9002,A MBC BTCGOLD-U,USD,TRST,YES,,
988,9008,BOS HSK BTC-U,USD,TRST,YES,,
989,9009,BOS HSK ETH-U,USD,TRST,YES,,
990,9010,ISHARES AXJ-U,USD,TRST,YES,,
991,9011,A CICC USD-U,USD,TRST,YES,,
992,9031,FG HS HIGHDIV-U,USD,TRST,YES,,
993,9040,GX MSCI CHINA-U,USD,TRST,YES,,
994,9042,CAM BTC-U,USD,TRST,YES,,
995,9046,CAM ETH-U,USD,TRST,YES,,
996,9047,F SSIFIRONORE-U,USD,TRST,YES,,
997,9064,GX APAC-U,USD,TRST,YES,,
998,9067,ISHARESHSTECH-U,USD,TRST,YES,,
999,9069,CAM HSBIOTECH-U,USD,TRST,YES,,
1000,9070,PING AN HKDIV-U,USD,TRST,YES,,
1001,9074,ISHARESMSCITW-U,USD,TRST,YES,,
1002,9075,GX ASUSD BOND-U,USD,TRST,YES,,
1003,9077,PREMIA UST-U,USD,TRST,YES,,
1004,9078,PREMIA UST A-U,USD,TRST,YES,,
1005,9081,VALUEGOLD ETF-U,USD,TRST,YES,,
1006,9084,A GX INDIA-U,USD,TRST,,,
1007,9086,CAM NASDAQ100-U,USD,TRST,YES,,
1008,9088,CAM HS TECH-U,USD,TRST,YES,,
1009,9096,A CSOP USD MM-U,USD,TRST,YES,,
1010,9102,ICBCU KS KWEB-U,USD,TRST,YES,,
1011,9104,A GX EM ASIA-U,USD,TRST,,,
1012,9107,BOS 20 UST A-U,USD,TRST,YES,,
1013,9115,ISHARESHSI-U,USD,TRST,YES,,
1014,9140,CAM HKUS AI-U,USD,TRST,YES,,
1015,9141,CAM ASIA IGB-U,USD,TRST,YES,,
1016,9146,CAM 20 UST-U,USD,TRST,YES,,
1017,9151,PREMIA STAR50-U,USD,TRST,YES,,
1018,9156,BOS 20 UST-U,USD,TRST,YES,,
1019,9159,PREMIA TW50A-U,USD,TRST,YES,,
1020,9167,ICBCCSOPCHINA-U,USD,TRST,YES,,
1021,9173,PP CN NEWECON-U,USD,TRST,YES,,
1022,9176,A TK USD MM-U,USD,TRST,YES,,
1023,9177,PP CGBOND HDG-U,USD,TRST,YES,,
1024,9179,HGI ETH-U,USD,TRST,YES,,
1025,9181,PREMIAASIATEC-U,USD,TRST,YES,,
1026,9187,SAMSUNG REITS-U,USD,TRST,YES,,
1027,9188,CAM CSI300-U,USD,TRST,YES,,
1028,9191,GX CN SEMICON-U,USD,TRST,YES,,
1029,9195,HS S&P500-U,USD,TRST,YES,,
1030,9196,A BOS USD MM-U,USD,TRST,YES,,
1031,9311,XI2CSOPCOIN-U,USD,TRST,YES,,
1032,9366,XI2CSOPTSLA-U,USD,TRST,YES,,
1033,9388,XI2CSOPNVDA-U,USD,TRST,YES,,
1034,9399,XI2CSOPMSTR-U,USD,TRST,YES,,
1035,9403,CAM HSI ESG-U,USD,TRST,YES,,
1036,9404,CAM MSCIINDIA-U,USD,TRST,YES,,
1037,9406,PA TECHSELECT-U,USD,TRST,YES,,
1038,9411,PP ASIA IGUSD-U,USD,TRST,YES,,
1039,9415,A GXS&P500CC-U,USD,TRST,,,
1040,9416,A GX HSCEICC-U,USD,TRST,,,
1041,9418,CAM DIGI GOLD-U,USD,TRST,YES,,
1042,9425,MBC ETH-U,USD,TRST,YES,,
1043,9428,GX CL HK-US-U,USD,TRST,YES,,
1044,9430,MBC BTC-U,USD,TRST,YES,,
1045,9434,EFUND DIGITAL-U,USD,TRST,YES,,
1046,9437,BOS CSOE HIDV-U,USD,TRST,YES,,
1047,9439,HGI BTC-U,USD,TRST,YES,,
1048,9440,GX 0-3M UST-U,USD,TRST,YES,,
1049,9446,CAM 20 UST A-U,USD,TRST,YES,,
1050,9450,GX 3-5Y UST-U,USD,TRST,YES,,
1051,9451,A GXNASDAQCC-U,USD,TRST,,,
1052,9455,INVESCO QQQ-U,USD,TRST,YES,,
1053,9460,CAM SOL-U,USD,TRST,YES,,
1054,9472,A CAM USDTMMF-U,USD,TRST,YES,,
1055,9477,PA EW SELECT-U,USD,TRST,YES,,
1056,9478,PPKSA G SUKUK-U,USD,TRST,YES,,
1057,9480,A VP USD MM-U,USD,TRST,YES,,
1058,9483,EFUND APAC HD-U,USD,TRST,YES,,
1059,9489,EFUND AI-U,USD,TRST,YES,,
1060,9606,DUALITYBIO-B,HKD,EQTY,,,
1061,9618,JD-SW,HKD,EQTY,,,
1062,9626,BILIBILI-W,HKD,EQTY,,,
1063,9633,NONGFU SPRING,HKD,EQTY,,,
1064,9636,JF SMARTINVEST,HKD,EQTY,,,
1065,9638,FERRETTI,HKD,EQTY,,,
1066,9658,SUPER HI,HKD,EQTY,,,
1067,9660,HORIZONROBOT-W,HKD,EQTY,,,
1068,9668,CBHB,HKD,EQTY,,,
1069,9669,BEISEN HOLDING,HKD,EQTY,,,
1070,9676,SHIYUE DAOTIAN,HKD,EQTY,,,
1071,9678,UNISOUND,HKD,EQTY,,,
1072,9688,ZAI LAB,HKD,EQTY,,,
1073,9690,TUHU-W,HKD,EQTY,,,
1074,9696,TIANQI LITHIUM,HKD,EQTY,,,
1075,9698,GDS-SW,HKD,EQTY,,,
1076,9699,SF INTRA-CITY,HKD,EQTY,,,
1077,9711,XL2CSOPCOIN-U,USD,TRST,YES,,
1078,9747,XL2CSOPSMSN-U,USD,TRST,YES,,
1079,9766,XL2CSOPTSLA-U,USD,TRST,YES,,
1080,9777,XL2CSOPBRKB-U,USD,TRST,YES,,
1081,9788,XL2CSOPNVDA-U,USD,TRST,YES,,
1082,9799,XL2CSOPMSTR-U,USD,TRST,YES,,
1083,9801,ISHARES CHINA-U,USD,TRST,YES,,
1084,9803,PP BEDROCK-U,USD,TRST,YES,,
1085,9804,PREMIA VIET-U,USD,TRST,YES,,
1086,9805,CG BS CNASEAN-U,USD,TRST,YES,,
1087,9806,GX CN CONSUME-U,USD,TRST,YES,,
1088,9807,GX CN ROBO&AI-U,USD,TRST,YES,,
1089,9809,GX CN CLN EN-U,USD,TRST,YES,,
1090,9810,PREMIAEMASEAN-U,USD,TRST,YES,,
1091,9812,SAMSUNGCDGN-U,USD,TRST,YES,,
1092,9814,SAMSUNG FANG-U,USD,TRST,YES,,
1093,9817,PP CGBOND-U,USD,TRST,YES,,
1094,9820,GX CN BIOTECH-U,USD,TRST,YES,,
1095,9824,EFUND GOLD MI-U,USD,TRST,YES,,
1096,9826,GX CN CLOUD-U,USD,TRST,YES,,
1097,9829,ISHARESCGB-U,USD,TRST,YES,,
1098,9834,ISHARESND100-U,USD,TRST,YES,,
1099,9836,ISHARES INDIA-U,USD,TRST,YES,,
1100,9839,CAM MSCI A50-U,USD,TRST,YES,,
1101,9840,SPDR GOLD TRT-U,USD,TRST,YES,,
1102,9845,GX CN EV BATT-U,USD,TRST,YES,,
1103,9846,ISHARESCSI300-U,USD,TRST,YES,,
1104,9858,YOURAN DAIRY,HKD,EQTY,,,
1105,9860,ADICON HOLDINGS,HKD,EQTY,,,
1106,9863,LEAPMOTOR,HKD,EQTY,,,
1107,9866,NIO-SW,HKD,EQTY,,,
1108,9868,XPENG-W,HKD,EQTY,,,
1109,9877,JENSCARE-B,HKD,EQTY,,,
1110,9878,HUITONGDA NET,HKD,EQTY,,Add,
1111,9880,UBTECH ROBOTICS,HKD,EQTY,,,
1112,9885,YSB,HKD,EQTY,,,
1113,9887,LEADS BIOLABS-B,HKD,EQTY,,,
1114,9888,BIDU-W,HKD,EQTY,,,
1115,9889,DRCB,HKD,EQTY,,,
1116,9890,TANWAN,HKD,EQTY,,,
1117,9893,PIZU GROUP,HKD,EQTY,,Add,
1118,9896,MNSO,HKD,EQTY,,,
1119,9898,WB-SW,HKD,EQTY,,,
1120,9899,NETEASE MUSIC,HKD,EQTY,,,
1121,9900,ZCLOUD TECH CON,HKD,EQTY,,,
1122,9901,NEW ORIENTAL-S,HKD,EQTY,,,
1123,9903,ILUVATAR COREX,HKD,EQTY,,,
1124,9911,NEWBORNTOWN,HKD,EQTY,,,
1125,9923,YEAHKA,HKD,EQTY,,,
1126,9926,AKESO,HKD,EQTY,,,
1127,9927,SERES,HKD,EQTY,,,
1128,9930,HORIZON CD,HKD,EQTY,,,
1129,9936,XIMEI RESOURCES,HKD,EQTY,,Add,
1130,9959,LINKLOGIS-W,HKD,EQTY,,,
1131,9961,TRIP.COM-S,HKD,EQTY,,,
1132,9966,ALPHAMAB-B,HKD,EQTY,,,
1133,9969,INNOCARE,HKD,EQTY,,,
1134,9973,CHERY AUTO,HKD,EQTY,,,
1135,9979,GREENTOWN MGMT,HKD,EQTY,,,
1136,9980,EASTROC,HKD,EQTY,,,
1137,9985,WL DELICIOUS,HKD,EQTY,,,
1138,9987,YUM CHINA,HKD,EQTY,,,
1139,9988,BABA-W,HKD,EQTY,,,
1140,9992,POP MART,HKD,EQTY,,,
1141,9993,RADIANCE HLDGS,HKD,EQTY,,,
1142,9995,REMEGEN,HKD,EQTY,,,
1143,9996,PEIJIA-B,HKD,EQTY,,,
1144,9999,NTES,HKD,EQTY,,,
1145,41533,XA GX GOLD CC-U,USD,TRST,YES,,
1146,41555,AGX HSDIV ENH-U,USD,TRST,,,
1147,80016,SHK PPT-R,CNY,EQTY,,,
1148,80020,SENSETIME-WR,CNY,EQTY,,,
1149,80175,GEELY AUTO-R,CNY,EQTY,,,
1150,80291,CHINARES BEER-R,CNY,EQTY,,,
1151,80388,HKEX-R,CNY,EQTY,,,
1152,80700,TENCENT-R,CNY,EQTY,,,
1153,80883,CNOOC-R,CNY,EQTY,,,
1154,80941,CHINA MOBILE-R,CNY,EQTY,,,
1155,80992,LENOVO GROUP-R,CNY,EQTY,,,
1156,81024,KUAISHOU-WR,CNY,EQTY,,,
1157,81211,BYD COMPANY-R,CNY,EQTY,,,
1158,81299,AIA-R,CNY,EQTY,,,
1159,81810,XIAOMI-WR,CNY,EQTY,,,
1160,82020,ANTA SPORTS-R,CNY,EQTY,,,
1161,82318,PING AN-R,CNY,EQTY,,,
1162,82331,LI NING-R,CNY,EQTY,,,
1163,82333,GWMOTOR-R,CNY,EQTY,,,
1164,82388,BOC HONG KONG-R,CNY,EQTY,,,
1165,82800,TRACKER FUND-R,CNY,TRST,YES,,
1166,82805,CG BS CNASEAN-R,CNY,TRST,YES,,
1167,82817,PP CGBOND-R,CNY,TRST,YES,,
1168,82822,CSOP A50 ETF-R,CNY,TRST,YES,,
1169,82823,ISHARES A50-R,CNY,TRST,YES,,
1170,82824,EFUND GOLD MI-R,CNY,TRST,YES,,
1171,82828,HSCEI ETF-R,CNY,TRST,YES,,
1172,82829,ISHARESCGB-R,CNY,TRST,YES,,
1173,82830,CSOP SAUDI-R,CNY,TRST,YES,,
1174,82832,BOSERA STAR50-R,CNY,TRST,YES,,
1175,82839,CAM MSCI A50-R,CNY,TRST,YES,,
1176,82840,SPDR GOLD TRT-R,CNY,TRST,YES,,
1177,82843,AMUNDI A50-R,CNY,TRST,YES,,
1178,82846,ISHARESCSI300-R,CNY,TRST,YES,,
1179,83001,PP CNUSDPROP-R,CNY,TRST,YES,,
1180,83005,X CSOPCSI500-R,CNY,TRST,YES,,
1181,83010,ISHARES AXJ-R,CNY,TRST,YES,,
1182,83012,AMUNDI HK35-R,CNY,TRST,YES,,
1183,83031,FG HS HIGHDIV-R,CNY,TRST,YES,,
1184,83038,HS ALOWCARBON-R,CNY,TRST,YES,,
1185,83042,CAM BTC-R,CNY,TRST,YES,,
1186,83046,CAM ETH-R,CNY,TRST,YES,,
1187,83053,A CSOP HKD MM-R,CNY,TRST,YES,,
1188,83059,GX AGREENBOND-R,CNY,TRST,YES,,
1189,83069,CAM HSBIOTECH-R,CNY,TRST,YES,,
1190,83081,VALUEGOLD ETF-R,CNY,TRST,YES,,
1191,83088,CAM HS TECH-R,CNY,TRST,YES,,
1192,83102,ICBCU KS KWEB-R,CNY,TRST,YES,,
1193,83108,HGI ESGLEADER-R,CNY,TRST,YES,,
1194,83110,GX HS HIGHDIV-R,CNY,TRST,YES,,
1195,83111,EFUNDMSCIA50-R,CNY,TRST,YES,,
1196,83115,ISHARESHSI-R,CNY,TRST,YES,,
1197,83118,HGI MSCI CN A-R,CNY,TRST,YES,,
1198,83122,A CSOP RMB MM-R,CNY,TRST,YES,,
1199,83128,HS AINDTOPETF-R,CNY,TRST,YES,,
1200,83129,BOCGBACLIMATE-R,CNY,TRST,YES,,
1201,83140,CAM HKUS AI-R,CNY,TRST,YES,,
1202,83146,CAM 20 UST-R,CNY,TRST,YES,,
1203,83147,X CSOPCHINEXT-R,CNY,TRST,YES,,
1204,83151,PREMIA STAR50-R,CNY,TRST,YES,,
1205,83161,A CAM RMB MM-R,CNY,TRST,YES,,
1206,83167,ICBCCSOPCHINA-R,CNY,TRST,YES,,
1207,83168,HS RMB GOLD ETF,CNY,TRST,YES,,
1208,83188,CAM CSI300-R,CNY,TRST,YES,,
1209,83189,EFUND LIQUOR-R,CNY,TRST,YES,,
1210,83192,A BOS RMB MM-R,CNY,TRST,YES,,
1211,83196,A BOS USD MM-R,CNY,TRST,YES,,
1212,83199,ICBCCSOP CGPB-R,CNY,TRST,YES,,
1213,83403,CAM HSI ESG-R,CNY,TRST,YES,,
1214,83404,CAM MSCIINDIA-R,CNY,TRST,YES,,
1215,83416,A GX HSCEICC-R,CNY,TRST,,,
1216,83418,CAM DIGI GOLD-R,CNY,TRST,YES,,
1217,83420,A VP RMB MM-R,CNY,TRST,YES,,
1218,83428,GX CL HK-US-R,CNY,TRST,YES,,
1219,83434,EFUND DIGITAL-R,CNY,TRST,YES,,
1220,83437,BOS CSOE HIDV-R,CNY,TRST,YES,,
1221,83455,INVESCO QQQ-R,CNY,TRST,YES,,
1222,83460,CAM SOL-R,CNY,TRST,YES,,
1223,83461,A CAM RMBTMMF-R,CNY,TRST,YES,,
1224,83483,EFUND APAC HD-R,CNY,TRST,YES,,
1225,83489,EFUND AI-R,CNY,TRST,YES,,
1226,83555,AGX HSDIV ENH-R,CNY,TRST,,,
1227,83690,MEITUAN-WR,CNY,EQTY,,,
1228,86618,JD HEALTH-R,CNY,EQTY,,,
1229,87001,HUI XIAN REIT,CNY,TRST,,,
1230,89618,JD-SWR,CNY,EQTY,,,
1231,89888,BIDU-WR,CNY,EQTY,,,
1232,89988,BABA-WR,CNY,EQTY,,,
